Aircraft;NASA_CRM
Parameter;WingRefArea;383.7
Parameter;MAC;7;
Parameter;CG;33.6;0;4.52

Component;Wing
LiftingSurface;true
Mesh_U;101;3;1.1;2;
Mesh_V;30;1;1;1;
Parameter;Open_Cross_Sections
Parameter;Blend_trailing_edges
Parameter;Mark_trailing_edges
CrossSection;37.05064;.000000;3.569342;36.93321;.000000;3.601765;36.81539;.000000;3.632740;36.69644;.000000;3.659085;36.57741;.000000;3.685024;36.45796;.000000;3.709023;36.33844;.000000;3.732627;36.21885;.000000;3.755855;36.09918;.000000;3.778722;35.97934;.000000;3.800642;35.85946;.000000;3.822360;35.73955;.000000;3.843877;35.61960;.000000;3.865193;35.49961;.000000;3.886309;35.37959;.000000;3.907224;35.25953;.000000;3.927938;35.13944;.000000;3.948452;35.01932;.000000;3.968765;34.89916;.000000;3.988878;34.77894;.000000;4.008610;34.65868;.000000;4.028130;34.53839;.000000;4.047447;34.41807;.000000;4.066565;34.29772;.000000;4.085492;34.17734;.000000;4.104233;34.05693;.000000;4.122793;33.93650;.000000;4.141180;33.81604;.000000;4.159400;33.69555;.000000;4.177457;33.57504;.000000;4.195359;33.45449;.000000;4.212903;33.33389;.000000;4.230220;33.21327;.000000;4.247323;33.09262;.000000;4.264221;32.97194;.000000;4.280925;32.85123;.000000;4.297446;32.73050;.000000;4.313793;32.60975;.000000;4.329976;32.48898;.000000;4.346007;32.36819;.000000;4.361895;32.24738;.000000;4.377651;32.12656;.000000;4.393285;32.00571;.000000;4.408672;31.88484;.000000;4.423946;31.76395;.000000;4.439109;31.64306;.000000;4.454164;31.52215;.000000;4.469113;31.40123;.000000;4.483958;31.28029;.000000;4.498700;31.15934;.000000;4.513341;31.03838;.000000;4.527884;30.91741;.000000;4.542330;30.79643;.000000;4.556681;30.67544;.000000;4.570939;30.55443;.000000;4.585106;30.43342;.000000;4.599183;30.31239;.000000;4.613173;30.19135;.000000;4.627078;30.07031;.000000;4.640900;29.94926;.000000;4.654639;29.82819;.000000;4.668299;29.70712;.000000;4.681881;29.58604;.000000;4.695388;29.46496;.000000;4.708820;29.34385;.000000;4.722059;29.22272;.000000;4.735144;29.10158;.000000;4.748059;28.98042;.000000;4.760790;28.85923;.000000;4.773320;28.73802;.000000;4.785635;28.61680;.000000;4.797717;28.49554;.000000;4.809553;28.37426;.000000;4.821125;28.25290;.000000;4.831759;28.13150;.000000;4.842049;28.01008;.000000;4.851979;27.88862;.000000;4.861518;27.76707;.000000;4.869674;27.64548;.000000;4.877380;27.52387;.000000;4.884618;27.40216;.000000;4.890201;27.28044;.000000;4.895333;27.15866;.000000;4.898584;27.03686;.000000;4.901286;26.91503;.000000;4.901700;26.79320;.000000;4.901419;26.67141;.000000;4.898359;26.54964;.000000;4.894447;26.42804;.000000;4.887120;26.30650;.000000;4.878728;26.18533;.000000;4.866091;26.06431;.000000;4.852094;25.94408;.000000;4.832512;25.82415;.000000;4.811088;25.70600;.000000;4.781480;25.58859;.000000;4.749035;25.47629;.000000;4.702078;25.36638;.000000;4.649707;25.28519;.000000;4.559990;25.21823;.000000;4.459810;25.26901;.000000;4.351462;25.34377;.000000;4.258046;25.43935;.000000;4.182659;25.53874;.000000;4.112384;25.64419;.000000;4.051419;25.75104;.000000;3.992935;25.86081;.000000;3.940093;25.97137;.000000;3.888943;26.08381;.000000;3.842055;26.19680;.000000;3.796510;26.31116;.000000;3.754521;26.42582;.000000;3.713326;26.54134;.000000;3.674651;26.65717;.000000;3.636897;26.77358;.000000;3.600955;26.89020;.000000;3.565721;27.00730;.000000;3.532099;27.12460;.000000;3.499198;27.24208;.000000;3.466915;27.35998;.000000;3.436246;27.47807;.000000;3.406310;27.59633;.000000;3.377008;27.71497;.000000;3.349317;27.83376;.000000;3.322297;27.95292;.000000;3.296904;28.07222;.000000;3.272214;28.19186;.000000;3.249252;28.31165;.000000;3.227028;28.43176;.000000;3.206644;28.55199;.000000;3.187012;28.67252;.000000;3.169221;28.79315;.000000;3.152156;28.91402;.000000;3.136957;29.03499;.000000;3.122490;29.15616;.000000;3.109855;29.27740;.000000;3.097887;29.39881;.000000;3.087704;29.52026;.000000;3.078182;29.64184;.000000;3.070356;29.76345;.000000;3.063129;29.88516;.000000;3.057752;30.00691;.000000;3.053101;30.12867;.000000;3.049087;30.25048;.000000;3.046893;30.37230;.000000;3.045356;30.49412;.000000;3.044404;30.61595;.000000;3.045135;30.73777;.000000;3.046423;30.85959;.000000;3.048204;30.98137;.000000;3.051470;31.10314;.000000;3.055277;31.22490;.000000;3.059564;31.34664;.000000;3.064287;31.46832;.000000;3.070235;31.58998;.000000;3.076613;31.71163;.000000;3.083386;31.83325;.000000;3.090516;31.95485;.000000;3.097979;32.07639;.000000;3.106349;32.19791;.000000;3.115033;32.31941;.000000;3.124011;32.44089;.000000;3.133267;32.56235;.000000;3.142780;32.68379;.000000;3.152532;32.80521;.000000;3.162511;32.92657;.000000;3.173099;33.04792;.000000;3.183901;33.16926;.000000;3.194913;33.29057;.000000;3.206131;33.41186;.000000;3.217551;33.53314;.000000;3.229169;33.65440;.000000;3.240981;33.77563;.000000;3.252984;33.89685;.000000;3.265174;34.01805;.000000;3.277550;34.13919;.000000;3.290535;34.26030;.000000;3.303768;34.38138;.000000;3.317210;34.50245;.000000;3.330824;34.62350;.000000;3.344572;34.74454;.000000;3.358418;34.86558;.000000;3.372323;34.98661;.000000;3.386251;35.10764;.000000;3.400164;35.22868;.000000;3.414024;35.34973;.000000;3.427794;35.47080;.000000;3.441437;35.59188;.000000;3.454916;35.71298;.000000;3.468191;35.83415;.000000;3.480879;35.95535;.000000;3.493285;36.07657;.000000;3.505395;36.19795;.000000;3.515911;36.31935;.000000;3.526093;36.44092;.000000;3.534157;36.56251;.000000;3.541796;36.68424;.000000;3.546775;36.80598;.000000;3.551264;36.92779;.000000;3.553686;37.04960;.000000;3.556081
CrossSection;37.05064;3.054819;3.569342;36.93336;3.055364;3.602423;36.81534;3.055154;3.632755;36.69639;3.053396;3.659287;36.57729;3.051200;3.685051;36.45787;3.048181;3.709232;36.33834;3.044961;3.732880;36.21873;3.041542;3.756040;36.09904;3.037925;3.778750;35.97921;3.034424;3.800759;35.85934;3.031413;3.822579;35.73942;3.028875;3.844216;35.61946;3.026799;3.865679;35.49942;3.025492;3.886757;35.37934;3.024294;3.907616;35.25923;3.023189;3.928262;35.13908;3.022160;3.948699;35.01889;3.021191;3.968930;34.89867;3.020266;3.988960;34.77841;3.019369;4.008795;34.65813;3.018483;4.028435;34.53778;3.017730;4.047716;34.41741;3.017052;4.066819;34.29701;3.016450;4.085744;34.17657;3.015919;4.104491;34.05612;3.015460;4.123058;33.93563;3.015068;4.141445;33.81511;3.014743;4.159650;33.69457;3.014482;4.177673;33.57400;3.014283;4.195513;33.45341;3.014146;4.213165;33.33276;3.014122;4.230445;33.21208;3.014148;4.247532;33.09137;3.014220;4.264432;32.97064;3.014336;4.281148;32.84989;3.014494;4.297688;32.72911;3.014690;4.314056;32.60831;3.014923;4.330256;32.48749;3.015189;4.346296;32.36664;3.015487;4.362179;32.24578;3.015813;4.377912;32.12490;3.016165;4.393498;32.00400;3.016541;4.408940;31.88307;3.016971;4.424154;31.76213;3.017438;4.439273;31.64118;3.017938;4.454298;31.52022;3.018471;4.469229;31.39925;3.019035;4.484066;31.27826;3.019627;4.498811;31.15726;3.020246;4.513463;31.03626;3.020890;4.528023;30.91524;3.021558;4.542491;30.79421;3.022248;4.556868;30.67316;3.022957;4.571155;30.55211;3.023684;4.585351;30.43105;3.024428;4.599457;30.30998;3.025187;4.613474;30.18890;3.025958;4.627402;30.06780;3.026740;4.641241;29.94670;3.027531;4.654992;29.82559;3.028330;4.668656;29.70447;3.029134;4.682232;29.58334;3.029943;4.695722;29.46220;3.030753;4.709125;29.34105;3.031564;4.722429;29.21987;3.032385;4.735510;29.09868;3.033234;4.748443;28.97747;3.034113;4.761201;28.85624;3.035023;4.773760;28.73499;3.035967;4.786093;28.61371;3.036945;4.798175;28.49241;3.037959;4.809979;28.37107;3.039014;4.821426;28.24967;3.040091;4.832177;28.12823;3.041156;4.842521;28.00676;3.042201;4.852432;27.88524;3.043213;4.861778;27.76364;3.044158;4.870076;27.64201;3.045068;4.877818;27.52033;3.045931;4.884821;27.39859;3.046712;4.890545;27.27681;3.047443;4.895479;27.15498;3.048086;4.898901;27.03313;3.048676;4.901361;26.91125;3.049159;4.901989;26.78937;3.049571;4.901400;26.66753;3.049864;4.898600;26.54573;3.050094;4.894308;26.42405;3.050215;4.887304;26.30250;3.050258;4.878435;26.18124;3.050176;4.866209;26.06026;3.050036;4.851604;25.93988;3.049869;4.832579;25.82009;3.049797;4.810331;25.70167;3.050088;4.781598;25.58468;3.050691;4.747904;25.47162;3.051643;4.702687;25.36363;3.052558;4.648314;25.27924;3.053475;4.563413;25.21769;3.054421;4.461463;25.25607;3.054254;4.347997;25.34045;3.053075;4.260812;25.43416;3.051677;4.183127;25.53476;3.050237;4.114747;25.63959;3.049001;4.052631;25.74690;3.047929;3.994968;25.85633;3.046878;3.941339;25.96717;3.045861;3.890721;26.07940;3.044927;3.843210;26.19260;3.044268;3.798069;26.30687;3.044074;3.755708;26.42166;3.044157;3.714736;26.53708;3.044493;3.675619;26.65307;3.044916;3.638177;26.76942;3.045374;3.601892;26.88617;3.045868;3.566895;27.00320;3.046376;3.532865;27.12058;3.046898;3.500070;27.23816;3.047425;3.467949;27.35601;3.047953;3.436872;27.47418;3.048464;3.407037;27.59252;3.048962;3.377906;27.71114;3.049436;3.349895;27.83004;3.049870;3.323102;27.94917;3.050262;3.297377;28.06858;3.050611;3.272924;28.18820;3.050948;3.249615;28.30809;3.051286;3.227644;28.42819;3.051620;3.206906;28.54852;3.051945;3.187535;28.66904;3.052255;3.169406;28.78976;3.052547;3.152592;28.91064;3.052820;3.137052;29.03169;3.053068;3.122842;29.15288;3.053285;3.109900;29.27420;3.053467;3.098165;29.39562;3.053614;3.087676;29.51715;3.053731;3.078389;29.63876;3.053813;3.070290;29.76044;3.053857;3.063273;29.88218;3.053862;3.057511;30.00398;3.053838;3.052964;30.12580;3.053804;3.049148;30.24765;3.053774;3.046612;30.36953;3.053760;3.045158;30.49141;3.053759;3.044395;30.61328;3.053784;3.044839;30.73516;3.053825;3.046199;30.85702;3.053872;3.048142;30.97887;3.053923;3.051136;31.10069;3.053965;3.054948;31.22249;3.053992;3.059302;31.34428;3.054001;3.064176;31.46602;3.053965;3.069914;31.58774;3.053895;3.076271;31.70943;3.053804;3.083056;31.83110;3.053692;3.090251;31.95275;3.053560;3.097837;32.07435;3.053394;3.106058;32.19592;3.053203;3.114709;32.31748;3.052994;3.123673;32.43901;3.052769;3.132934;32.56051;3.052530;3.142479;32.68200;3.052278;3.152293;32.80346;3.052015;3.162361;32.92489;3.051731;3.172853;33.04630;3.051436;3.183617;33.16768;3.051134;3.194599;33.28905;3.050829;3.205796;33.41040;3.050523;3.217208;33.53172;3.050220;3.228832;33.65303;3.049924;3.240667;33.77432;3.049636;3.252711;33.89558;3.049361;3.264963;34.01682;3.049101;3.277420;34.13802;3.048863;3.290286;34.25919;3.048625;3.303434;34.38034;3.048385;3.316803;34.50146;3.048145;3.330358;34.62257;3.047905;3.344063;34.74367;3.047666;3.357885;34.86476;3.047429;3.371787;34.98584;3.047195;3.385736;35.10692;3.046964;3.399697;35.22800;3.046737;3.413634;35.34909;3.046515;3.427512;35.47019;3.046299;3.441298;35.59131;3.046090;3.454955;35.71247;3.046302;3.468136;35.83368;3.046841;3.480955;35.95492;3.047725;3.493378;36.07620;3.048987;3.505362;36.19761;3.050453;3.516031;36.31907;3.051815;3.526074;36.44066;3.052989;3.534331;36.56231;3.054103;3.541788;36.68408;3.054843;3.546989;36.80588;3.055358;3.551262;36.92774;3.055132;3.553698;37.04960;3.054543;3.556081
CrossSection;37.34555;4.920140;3.862924;37.23849;4.920140;3.888334;37.13062;4.920140;3.910096;37.02246;4.920140;3.930414;36.91411;4.920140;3.949667;36.80568;4.920140;3.968499;36.69714;4.920140;3.986681;36.58856;4.920140;4.004606;36.47996;4.920140;4.022365;36.37128;4.920140;4.039703;36.26260;4.920140;4.056978;36.15390;4.920140;4.074184;36.04519;4.920140;4.091315;35.93647;4.920140;4.108367;35.82774;4.920140;4.125359;35.71903;4.920140;4.142438;35.61031;4.920140;4.159499;35.50159;4.920140;4.176533;35.39286;4.920140;4.193531;35.28412;4.920140;4.210485;35.17538;4.920140;4.227388;35.06662;4.920140;4.244230;34.95786;4.920140;4.261004;34.84908;4.920140;4.277702;34.74029;4.920140;4.294314;34.63149;4.920140;4.310834;34.52267;4.920140;4.327252;34.41384;4.920140;4.343561;34.30499;4.920140;4.359752;34.19612;4.920140;4.375817;34.08722;4.920140;4.391666;33.97823;4.920140;4.406871;33.86921;4.920140;4.421908;33.76017;4.920140;4.436780;33.65111;4.920140;4.451490;33.54203;4.920140;4.466040;33.43292;4.920140;4.480434;33.32380;4.920140;4.494673;33.21465;4.920140;4.508761;33.10549;4.920140;4.522701;32.99631;4.920140;4.536494;32.88710;4.920140;4.550012;32.77784;4.920140;4.563150;32.66856;4.920140;4.576153;32.55926;4.920140;4.589020;32.44995;4.920140;4.601752;32.34063;4.920140;4.614347;32.23128;4.920140;4.626807;32.12193;4.920140;4.639130;32.01255;4.920140;4.651316;31.90317;4.920140;4.663366;31.79376;4.920140;4.675279;31.68435;4.920140;4.687054;31.57491;4.920140;4.698691;31.46547;4.920140;4.710173;31.35597;4.920140;4.721135;31.24644;4.920140;4.731900;31.13690;4.920140;4.742468;31.02734;4.920140;4.752840;30.91777;4.920140;4.763013;30.80817;4.920140;4.772987;30.69856;4.920140;4.782762;30.58892;4.920140;4.792336;30.47925;4.920140;4.801378;30.36954;4.920140;4.810017;30.25981;4.920140;4.818383;30.15006;4.920140;4.826503;30.04029;4.920140;4.834404;29.93047;4.920140;4.841438;29.82062;4.920140;4.848007;29.71075;4.920140;4.854307;29.60087;4.920140;4.860319;29.49097;4.920140;4.866023;29.38105;4.920140;4.871398;29.27109;4.920140;4.875740;29.16110;4.920140;4.879498;29.05111;4.920140;4.882922;28.94110;4.920140;4.885965;28.83108;4.920140;4.888578;28.72105;4.920140;4.890069;28.61100;4.920140;4.890879;28.50095;4.920140;4.891211;28.39091;4.920140;4.890716;28.28087;4.920140;4.889086;28.17085;4.920140;4.886675;28.06086;4.920140;4.882964;27.95092;4.920140;4.878175;27.84105;4.920140;4.871992;27.73127;4.920140;4.864270;27.62163;4.920140;4.854839;27.51217;4.920140;4.843530;27.40294;4.920140;4.830192;27.29406;4.920140;4.814254;27.18566;4.920140;4.795323;27.07796;4.920140;4.772807;26.97130;4.920140;4.745776;26.86664;4.920140;4.711843;26.76555;4.920140;4.668638;26.67308;4.920140;4.609581;26.61024;4.920140;4.521743;26.63216;4.920140;4.418446;26.71078;4.920140;4.342290;26.80330;4.920140;4.282817;26.90032;4.920140;4.230921;26.99995;4.920140;4.184197;27.10101;4.920140;4.140654;27.20316;4.920140;4.099723;27.30618;4.920140;4.061032;27.40991;4.920140;4.024296;27.51424;4.920140;3.989285;27.61906;4.920140;3.955783;27.72430;4.920140;3.923594;27.83005;4.920140;3.893159;27.93603;4.920140;3.863509;28.04237;4.920140;3.835187;28.14896;4.920140;3.807797;28.25587;4.920140;3.781723;28.36296;4.920140;3.756351;28.47033;4.920140;3.732230;28.57783;4.920140;3.708695;28.68563;4.920140;3.686539;28.79352;4.920140;3.664867;28.90168;4.920140;3.644582;29.00997;4.920140;3.624992;29.11841;4.920140;3.606248;29.22710;4.920140;3.588992;29.33584;4.920140;3.572067;29.44479;4.920140;3.556628;29.55391;4.920140;3.542365;29.66307;4.920140;3.528346;29.77241;4.920140;3.515988;29.88190;4.920140;3.504896;29.99141;4.920140;3.493983;30.10100;4.920140;3.484040;30.21077;4.920140;3.476271;30.32056;4.920140;3.468619;30.43035;4.920140;3.461054;30.54025;4.920140;3.455640;30.65021;4.920140;3.451242;30.76018;4.920140;3.446885;30.87014;4.920140;3.442559;30.98016;4.920140;3.440588;31.09021;4.920140;3.439407;31.20025;4.920140;3.438216;31.31029;4.920140;3.437018;31.42033;4.920140;3.437249;31.53037;4.920140;3.439038;31.64040;4.920140;3.440785;31.75044;4.920140;3.442498;31.86048;4.920140;3.444186;31.97044;4.920140;3.448452;32.08041;4.920140;3.452779;32.19037;4.920140;3.457057;32.30034;4.920140;3.461297;32.41027;4.920140;3.466360;32.52013;4.920140;3.472793;32.62999;4.920140;3.479173;32.73986;4.920140;3.485512;32.84973;4.920140;3.491834;32.95947;4.920140;3.499969;33.06921;4.920140;3.508229;33.17894;4.920140;3.516626;33.28866;4.920140;3.525171;33.39836;4.920140;3.533877;33.50805;4.920140;3.542756;33.61772;4.920140;3.551820;33.72735;4.920140;3.561466;33.83690;4.920140;3.571863;33.94645;4.920140;3.582378;34.05598;4.920140;3.593021;34.16550;4.920140;3.603801;34.27501;4.920140;3.614725;34.38450;4.920140;3.625803;34.49397;4.920140;3.637044;34.60343;4.920140;3.648455;34.71286;4.920140;3.660046;34.82229;4.920140;3.671775;34.93171;4.920140;3.683492;35.04113;4.920140;3.695245;35.15055;4.920140;3.707001;35.25997;4.920140;3.718726;35.36940;4.920140;3.730390;35.47884;4.920140;3.741958;35.58830;4.920140;3.753399;35.69777;4.920140;3.764680;35.80726;4.920140;3.775768;35.91678;4.920140;3.786534;36.02634;4.920140;3.796838;36.13594;4.920140;3.806796;36.24558;4.920140;3.816289;36.35527;4.920140;3.825118;36.46503;4.920140;3.833103;36.57485;4.920140;3.840270;36.68473;4.920140;3.846232;36.79468;4.920140;3.851006;36.90467;4.920140;3.854361;37.01471;4.920140;3.856007;37.12476;4.920140;3.855841;37.23478;4.920140;3.853729;37.34476;4.920140;3.849788
CrossSection;37.67633;6.799757;4.092160;37.58027;6.799757;4.113638;37.48356;6.799757;4.131967;37.38661;6.799757;4.149038;37.28952;6.799757;4.165288;37.19234;6.799757;4.180987;37.09510;6.799757;4.196342;36.99782;6.799757;4.211421;36.90051;6.799757;4.226297;36.80318;6.799757;4.241039;36.70583;6.799757;4.255625;36.60847;6.799757;4.270192;36.51112;6.799757;4.284796;36.41376;6.799757;4.299397;36.31641;6.799757;4.313959;36.21904;6.799757;4.328442;36.12167;6.799757;4.342953;36.02432;6.799757;4.357572;35.92697;6.799757;4.372159;35.82961;6.799757;4.386711;35.73224;6.799757;4.401228;35.63487;6.799757;4.415706;35.53750;6.799757;4.430144;35.44011;6.799757;4.444541;35.34271;6.799757;4.458782;35.24525;6.799757;4.472641;35.14777;6.799757;4.486354;35.05027;6.799757;4.499919;34.95274;6.799757;4.513333;34.85520;6.799757;4.526594;34.75763;6.799757;4.539700;34.66005;6.799757;4.552649;34.56244;6.799757;4.565438;34.46479;6.799757;4.577858;34.36707;6.799757;4.589775;34.26933;6.799757;4.601472;34.17156;6.799757;4.612976;34.07378;6.799757;4.624316;33.97598;6.799757;4.635518;33.87816;6.799757;4.646610;33.78034;6.799757;4.657620;33.68244;6.799757;4.667965;33.58453;6.799757;4.678134;33.48660;6.799757;4.688152;33.38866;6.799757;4.698031;33.29070;6.799757;4.707784;33.19273;6.799757;4.717426;33.09476;6.799757;4.726967;32.99677;6.799757;4.736422;32.89876;6.799757;4.745632;32.80069;6.799757;4.754185;32.70261;6.799757;4.762569;32.60451;6.799757;4.770790;32.50640;6.799757;4.778855;32.40828;6.799757;4.786770;32.31015;6.799757;4.794543;32.21201;6.799757;4.802180;32.11385;6.799757;4.809686;32.01567;6.799757;4.816793;31.91744;6.799757;4.823173;31.81919;6.799757;4.829307;31.72092;6.799757;4.835208;31.62265;6.799757;4.840893;31.52436;6.799757;4.846374;31.42606;6.799757;4.851667;31.32775;6.799757;4.856784;31.22942;6.799757;4.861225;31.13105;6.799757;4.865215;31.03268;6.799757;4.868919;30.93430;6.799757;4.872215;30.83589;6.799757;4.874783;30.73747;6.799757;4.876950;30.63905;6.799757;4.878860;30.54063;6.799757;4.880510;30.44220;6.799757;4.881896;30.34376;6.799757;4.882636;30.24532;6.799757;4.882534;30.14688;6.799757;4.882018;30.04844;6.799757;4.881143;29.95001;6.799757;4.879965;29.85159;6.799757;4.878058;29.75318;6.799757;4.875499;29.65479;6.799757;4.872295;29.55644;6.799757;4.868166;29.45811;6.799757;4.863615;29.35979;6.799757;4.858603;29.26155;6.799757;4.852380;29.16337;6.799757;4.845291;29.06530;6.799757;4.836716;28.96730;6.799757;4.827443;28.86944;6.799757;4.816764;28.77178;6.799757;4.804460;28.67436;6.799757;4.790330;28.57731;6.799757;4.773864;28.48076;6.799757;4.754699;28.38495;6.799757;4.732144;28.29046;6.799757;4.704632;28.19833;6.799757;4.670095;28.11219;6.799757;4.622811;28.04583;6.799757;4.551652;28.05570;6.799757;4.459874;28.13005;6.799757;4.396484;28.21696;6.799757;4.350422;28.30719;6.799757;4.311134;28.39913;6.799757;4.275959;28.49213;6.799757;4.243696;28.58572;6.799757;4.213189;28.67981;6.799757;4.184258;28.77431;6.799757;4.156682;28.86907;6.799757;4.130006;28.96425;6.799757;4.104896;29.05957;6.799757;4.080318;29.15519;6.799757;4.056918;29.25105;6.799757;4.034569;29.34704;6.799757;4.012740;29.44321;6.799757;3.991691;29.53958;6.799757;3.971630;29.63613;6.799757;3.952408;29.73288;6.799757;3.934263;29.82972;6.799757;3.916584;29.92663;6.799757;3.899338;30.02367;6.799757;3.882761;30.12092;6.799757;3.867502;30.21822;6.799757;3.852594;30.31567;6.799757;3.838669;30.41325;6.799757;3.825671;30.51086;6.799757;3.812897;30.60863;6.799757;3.801446;30.70649;6.799757;3.790766;30.80437;6.799757;3.780245;30.90236;6.799757;3.770894;31.00044;6.799757;3.762445;31.09856;6.799757;3.754472;31.19673;6.799757;3.747266;31.29500;6.799757;3.741384;31.39326;6.799757;3.735541;31.49154;6.799757;3.729829;31.58989;6.799757;3.725824;31.68828;6.799757;3.722444;31.78666;6.799757;3.719102;31.88505;6.799757;3.715852;31.98347;6.799757;3.714384;32.08191;6.799757;3.713487;32.18035;6.799757;3.712610;32.27879;6.799757;3.711784;32.37722;6.799757;3.711993;32.47565;6.799757;3.713510;32.57408;6.799757;3.715033;32.67251;6.799757;3.716584;32.77094;6.799757;3.718183;32.86931;6.799757;3.721687;32.96768;6.799757;3.725452;33.06605;6.799757;3.729234;33.16442;6.799757;3.733057;33.26275;6.799757;3.737537;33.36102;6.799757;3.743400;33.45927;6.799757;3.749435;33.55751;6.799757;3.755665;33.65574;6.799757;3.762117;33.75395;6.799757;3.768815;33.85214;6.799757;3.775785;33.95031;6.799757;3.783052;34.04844;6.799757;3.790869;34.14652;6.799757;3.799266;34.24457;6.799757;3.808053;34.34260;6.799757;3.817066;34.44059;6.799757;3.826423;34.53854;6.799757;3.836317;34.63646;6.799757;3.846369;34.73437;6.799757;3.856566;34.83227;6.799757;3.866894;34.93016;6.799757;3.877338;35.02803;6.799757;3.887886;35.12589;6.799757;3.898523;35.22375;6.799757;3.909236;35.32160;6.799757;3.920011;35.41945;6.799757;3.930834;35.51727;6.799757;3.941784;35.61511;6.799757;3.952712;35.71296;6.799757;3.963428;35.81083;6.799757;3.974064;35.90869;6.799757;3.984754;36.00657;6.799757;3.995232;36.10449;6.799757;4.005331;36.20242;6.799757;4.015367;36.30034;6.799757;4.025412;36.39835;6.799757;4.034639;36.49638;6.799757;4.043668;36.59441;6.799757;4.052577;36.69254;6.799757;4.060412;36.79070;6.799757;4.067939;36.88891;6.799757;4.074582;36.98718;6.799757;4.080350;37.08551;6.799757;4.085016;37.18388;6.799757;4.088592;37.28230;6.799757;4.090507;37.38074;6.799757;4.090900;37.47917;6.799757;4.089397;37.57753;6.799757;4.085623;37.67575;6.799757;4.079035
CrossSection;38.00807;8.679374;4.310640;37.92410;8.679374;4.333452;37.83906;8.679374;4.351934;37.75362;8.679374;4.368528;37.66793;8.679374;4.383783;37.58206;8.679374;4.398009;37.49607;8.679374;4.411470;37.40999;8.679374;4.424308;37.32385;8.679374;4.436799;37.23768;8.679374;4.449081;37.15150;8.679374;4.461263;37.06528;8.679374;4.473137;36.97905;8.679374;4.484997;36.89283;8.679374;4.496915;36.80663;8.679374;4.508966;36.72042;8.679374;4.520931;36.63420;8.679374;4.532857;36.54799;8.679374;4.544789;36.46177;8.679374;4.556712;36.37555;8.679374;4.568613;36.28932;8.679374;4.580478;36.20309;8.679374;4.592292;36.11685;8.679374;4.604041;36.03056;8.679374;4.615454;35.94425;8.679374;4.626638;35.85791;8.679374;4.637668;35.77156;8.679374;4.648539;35.68518;8.679374;4.659251;35.59878;8.679374;4.669798;35.51237;8.679374;4.680178;35.42593;8.679374;4.690374;35.33943;8.679374;4.700025;35.25290;8.679374;4.709382;35.16634;8.679374;4.718486;35.07975;8.679374;4.727375;34.99315;8.679374;4.736089;34.90654;8.679374;4.744668;34.81991;8.679374;4.753114;34.73324;8.679374;4.761096;34.64655;8.679374;4.768815;34.55983;8.679374;4.776301;34.47310;8.679374;4.783585;34.38635;8.679374;4.790698;34.29959;8.679374;4.797670;34.21283;8.679374;4.804532;34.12605;8.679374;4.811316;34.03925;8.679374;4.817754;33.95243;8.679374;4.823899;33.86560;8.679374;4.829836;33.77875;8.679374;4.835594;33.69189;8.679374;4.841201;33.60502;8.679374;4.846518;33.51811;8.679374;4.851299;33.43120;8.679374;4.855972;33.34428;8.679374;4.860514;33.25735;8.679374;4.864901;33.17042;8.679374;4.869112;33.08347;8.679374;4.873124;32.99652;8.679374;4.876914;32.90955;8.679374;4.880459;32.82257;8.679374;4.883359;32.73557;8.679374;4.885872;32.64856;8.679374;4.888246;32.56155;8.679374;4.890447;32.47453;8.679374;4.892445;32.38751;8.679374;4.894209;32.30049;8.679374;4.895706;32.21346;8.679374;4.896779;32.12643;8.679374;4.897151;32.03939;8.679374;4.897376;31.95235;8.679374;4.897402;31.86531;8.679374;4.897182;31.77828;8.679374;4.896664;31.69124;8.679374;4.895785;31.60422;8.679374;4.894104;31.51720;8.679374;4.892251;31.43019;8.679374;4.890152;31.34319;8.679374;4.887735;31.25620;8.679374;4.884925;31.16923;8.679374;4.881332;31.08228;8.679374;4.877486;30.99534;8.679374;4.873309;30.90843;8.679374;4.868673;30.82156;8.679374;4.863235;30.73473;8.679374;4.857317;30.64792;8.679374;4.851061;30.56116;8.679374;4.844129;30.47446;8.679374;4.836396;30.38787;8.679374;4.827637;30.30134;8.679374;4.818192;30.21492;8.679374;4.807919;30.12865;8.679374;4.796377;30.04258;8.679374;4.783448;29.95678;8.679374;4.768821;29.87137;8.679374;4.752083;29.78653;8.679374;4.732689;29.70261;8.679374;4.709680;29.62058;8.679374;4.680666;29.54282;8.679374;4.641791;29.48055;8.679374;4.582330;29.48242;8.679374;4.501942;29.55057;8.679374;4.449125;29.62975;8.679374;4.413141;29.71161;8.679374;4.383620;29.79467;8.679374;4.357592;29.87839;8.679374;4.333829;29.96243;8.679374;4.311182;30.04690;8.679374;4.290188;30.13148;8.679374;4.269677;30.21638;8.679374;4.250504;30.30138;8.679374;4.231783;30.38655;8.679374;4.213837;30.47189;8.679374;4.196731;30.55730;8.679374;4.179998;30.64286;8.679374;4.164029;30.72856;8.679374;4.148817;30.81432;8.679374;4.133971;30.90016;8.679374;4.119571;30.98616;8.679374;4.106200;31.07223;8.679374;4.093293;31.15836;8.679374;4.080711;31.24452;8.679374;4.068439;31.33084;8.679374;4.057223;31.41720;8.679374;4.046414;31.50362;8.679374;4.036080;31.59014;8.679374;4.026597;31.67668;8.679374;4.017281;31.76331;8.679374;4.008849;31.84999;8.679374;4.001033;31.93669;8.679374;3.993320;32.02346;8.679374;3.986593;32.11029;8.679374;3.980494;32.19712;8.679374;3.974488;32.28398;8.679374;3.969073;32.37091;8.679374;3.964763;32.45785;8.679374;3.960545;32.54479;8.679374;3.956352;32.63177;8.679374;3.953441;32.71878;8.679374;3.951070;32.80579;8.679374;3.948747;32.89279;8.679374;3.946435;32.97982;8.679374;3.945515;33.06686;8.679374;3.945123;33.15390;8.679374;3.944766;33.24093;8.679374;3.944420;33.32797;8.679374;3.944814;33.41499;8.679374;3.946464;33.50201;8.679374;3.948151;33.58903;8.679374;3.949858;33.67605;8.679374;3.951565;33.76303;8.679374;3.954836;33.84999;8.679374;3.958552;33.93694;8.679374;3.962305;34.02390;8.679374;3.966071;34.11083;8.679374;3.970320;34.19769;8.679374;3.975925;34.28454;8.679374;3.981595;34.37139;8.679374;3.987298;34.45824;8.679374;3.992998;34.54499;8.679374;4.000145;34.63173;8.679374;4.007347;34.71845;8.679374;4.014776;34.80513;8.679374;4.022619;34.89175;8.679374;4.031096;34.97833;8.679374;4.039993;35.06490;8.679374;4.049052;35.15145;8.679374;4.058296;35.23797;8.679374;4.067746;35.32447;8.679374;4.077425;35.41094;8.679374;4.087354;35.49735;8.679374;4.097700;35.58374;8.679374;4.108358;35.67011;8.679374;4.119124;35.75647;8.679374;4.129955;35.84283;8.679374;4.140811;35.92919;8.679374;4.151649;36.01556;8.679374;4.162429;36.10194;8.679374;4.173110;36.18831;8.679374;4.183824;36.27467;8.679374;4.194649;36.36104;8.679374;4.205402;36.44742;8.679374;4.216127;36.53382;8.679374;4.226595;36.62023;8.679374;4.237044;36.70669;8.679374;4.247090;36.79316;8.679374;4.256995;36.87965;8.679374;4.266719;36.96620;8.679374;4.275982;37.05277;8.679374;4.284979;37.13942;8.679374;4.293157;37.22614;8.679374;4.300639;37.31292;8.679374;4.307297;37.39978;8.679374;4.312797;37.48670;8.679374;4.317167;37.57369;8.679374;4.320032;37.66072;8.679374;4.320801;37.74775;8.679374;4.319724;37.83470;8.679374;4.315921;37.92146;8.679374;4.309045;38.00771;8.679374;4.297482
CrossSection;38.39477;10.87116;4.509010;38.32435;10.87116;4.531297;38.25318;10.87116;4.551034;38.18099;10.87116;4.566757;38.10860;10.87116;4.581567;38.03583;10.87116;4.594374;37.96297;10.87116;4.606625;37.88990;10.87116;4.617632;37.81678;10.87116;4.628256;37.74361;10.87116;4.638544;37.67038;10.87116;4.648399;37.59715;10.87116;4.658218;37.52391;10.87116;4.667999;37.45067;10.87116;4.677737;37.37741;10.87116;4.687425;37.30415;10.87116;4.697057;37.23089;10.87116;4.706625;37.15761;10.87116;4.716125;37.08432;10.87116;4.725549;37.01103;10.87116;4.734891;36.93772;10.87116;4.744145;36.86440;10.87116;4.753305;36.79107;10.87116;4.762363;36.71773;10.87116;4.771314;36.64437;10.87116;4.780152;36.57097;10.87116;4.788653;36.49755;10.87116;4.796931;36.42410;10.87116;4.805000;36.35063;10.87116;4.812853;36.27714;10.87116;4.820485;36.20362;10.87116;4.827891;36.13006;10.87116;4.834853;36.05648;10.87116;4.841560;35.98287;10.87116;4.848049;35.90925;10.87116;4.854324;35.83561;10.87116;4.860390;35.76196;10.87116;4.866251;35.68827;10.87116;4.871747;35.61457;10.87116;4.877027;35.54086;10.87116;4.882129;35.46713;10.87116;4.887056;35.39340;10.87116;4.891812;35.31965;10.87116;4.896401;35.24590;10.87116;4.900826;35.17212;10.87116;4.904951;35.09834;10.87116;4.908872;35.02454;10.87116;4.912623;34.95074;10.87116;4.916200;34.87693;10.87116;4.919600;34.80311;10.87116;4.922821;34.72929;10.87116;4.925857;34.65545;10.87116;4.928553;34.58160;10.87116;4.931003;34.50774;10.87116;4.933255;34.43388;10.87116;4.935308;34.36002;10.87116;4.937157;34.28615;10.87116;4.938799;34.21227;10.87116;4.940072;34.13839;10.87116;4.941066;34.06450;10.87116;4.941848;33.99062;10.87116;4.942418;33.91673;10.87116;4.942777;33.84284;10.87116;4.942924;33.76895;10.87116;4.942704;33.69507;10.87116;4.942199;33.62118;10.87116;4.941485;33.54730;10.87116;4.940562;33.47342;10.87116;4.939430;33.39954;10.87116;4.938088;33.32567;10.87116;4.936392;33.25181;10.87116;4.934406;33.17795;10.87116;4.932213;33.10410;10.87116;4.929809;33.03026;10.87116;4.927191;32.95643;10.87116;4.924199;32.88262;10.87116;4.920879;32.80882;10.87116;4.917322;32.73502;10.87116;4.913524;32.66125;10.87116;4.909478;32.58749;10.87116;4.905010;32.51376;10.87116;4.900156;32.44005;10.87116;4.895035;32.36636;10.87116;4.889641;32.29271;10.87116;4.883766;32.21909;10.87116;4.877441;32.14550;10.87116;4.870820;32.07196;10.87116;4.863640;31.99848;10.87116;4.855880;31.92504;10.87116;4.847728;31.85169;10.87116;4.838836;31.77843;10.87116;4.829222;31.70530;10.87116;4.818728;31.63231;10.87116;4.807236;31.55954;10.87116;4.794458;31.48706;10.87116;4.780100;31.41509;10.87116;4.763527;31.34387;10.87116;4.743895;31.27445;10.87116;4.719251;31.20862;10.87116;4.686072;31.15705;10.87116;4.636782;31.15390;10.87116;4.575292;31.20857;10.87116;4.527697;31.27521;10.87116;4.498238;31.34551;10.87116;4.475578;31.41686;10.87116;4.456495;31.48875;10.87116;4.439426;31.56086;10.87116;4.423306;31.63324;10.87116;4.408485;31.70576;10.87116;4.394357;31.77844;10.87116;4.381010;31.85121;10.87116;4.368240;31.92405;10.87116;4.355838;31.99700;10.87116;4.344086;32.07002;10.87116;4.332796;32.14309;10.87116;4.321813;32.21624;10.87116;4.311402;32.28945;10.87116;4.301441;32.36271;10.87116;4.291797;32.43601;10.87116;4.282465;32.50937;10.87116;4.273688;32.58279;10.87116;4.265348;32.65624;10.87116;4.257316;32.72972;10.87116;4.249589;32.80326;10.87116;4.242402;32.87684;10.87116;4.235660;32.95045;10.87116;4.229222;33.02408;10.87116;4.223086;33.09776;10.87116;4.217469;33.17146;10.87116;4.212301;33.24519;10.87116;4.207429;33.31894;10.87116;4.202850;33.39271;10.87116;4.198757;33.46651;10.87116;4.195109;33.54032;10.87116;4.191750;33.61415;10.87116;4.188676;33.68799;10.87116;4.186061;33.76185;10.87116;4.183891;33.83571;10.87116;4.182007;33.90958;10.87116;4.180408;33.98346;10.87116;4.179255;34.05735;10.87116;4.178565;34.13124;10.87116;4.178164;34.20512;10.87116;4.178049;34.27901;10.87116;4.178376;34.35289;10.87116;4.179191;34.42678;10.87116;4.180305;34.50065;10.87116;4.181717;34.57451;10.87116;4.183574;34.64837;10.87116;4.185937;34.72221;10.87116;4.188602;34.79604;10.87116;4.191571;34.86984;10.87116;4.194986;34.94363;10.87116;4.198929;35.01739;10.87116;4.203171;35.09114;10.87116;4.207714;35.16486;10.87116;4.212686;35.23855;10.87116;4.218193;35.31221;10.87116;4.223994;35.38584;10.87116;4.230086;35.45945;10.87116;4.236574;35.53300;10.87116;4.243576;35.60653;10.87116;4.250852;35.68004;10.87116;4.258397;35.75350;10.87116;4.266292;35.82691;10.87116;4.274656;35.90030;10.87116;4.283265;35.97366;10.87116;4.292110;36.04699;10.87116;4.301180;36.12028;10.87116;4.310517;36.19353;10.87116;4.320205;36.26676;10.87116;4.330060;36.33997;10.87116;4.340055;36.41317;10.87116;4.350166;36.48635;10.87116;4.360366;36.55952;10.87116;4.370632;36.63269;10.87116;4.380938;36.70585;10.87116;4.391258;36.77902;10.87116;4.401567;36.85219;10.87116;4.411840;36.92537;10.87116;4.422052;36.99856;10.87116;4.432177;37.07177;10.87116;4.442168;37.14502;10.87116;4.451866;37.21830;10.87116;4.461372;37.29160;10.87116;4.470663;37.36493;10.87116;4.479713;37.43830;10.87116;4.488454;37.51175;10.87116;4.496501;37.58524;10.87116;4.504162;37.65878;10.87116;4.511341;37.73242;10.87116;4.517354;37.80611;10.87116;4.522784;37.87990;10.87116;4.526567;37.95373;10.87116;4.529504;38.02761;10.87116;4.530099;38.10149;10.87116;4.529556;38.17527;10.87116;4.525712;38.24894;10.87116;4.520311;38.32200;10.87116;4.509526;38.39459;10.87116;4.495917
CrossSection;39.20463;12.43861;4.654606;39.13847;12.43861;4.677352;39.07081;12.43861;4.695264;39.00253;12.43861;4.710622;38.93386;12.43861;4.724190;38.86496;12.43861;4.736471;38.79584;12.43861;4.747517;38.72661;12.43861;4.757798;38.65727;12.43861;4.767399;38.58789;12.43861;4.776659;38.51846;12.43861;4.785463;38.44900;12.43861;4.794138;38.37954;12.43861;4.802782;38.31009;12.43861;4.811454;38.24061;12.43861;4.819966;38.17115;12.43861;4.828544;38.10168;12.43861;4.837152;38.03221;12.43861;4.845711;37.96274;12.43861;4.854255;37.89327;12.43861;4.862777;37.82378;12.43861;4.871167;37.75427;12.43861;4.879423;37.68475;12.43861;4.887544;37.61522;12.43861;4.895528;37.54566;12.43861;4.903373;37.47607;12.43861;4.910877;37.40645;12.43861;4.918088;37.33681;12.43861;4.925096;37.26715;12.43861;4.931909;37.19747;12.43861;4.938534;37.12777;12.43861;4.944978;37.05802;12.43861;4.950755;36.98824;12.43861;4.956331;36.91846;12.43861;4.961726;36.84866;12.43861;4.966930;36.77884;12.43861;4.971934;36.70899;12.43861;4.976383;36.63913;12.43861;4.980640;36.56925;12.43861;4.984730;36.49937;12.43861;4.988657;36.42948;12.43861;4.992424;36.35957;12.43861;4.995985;36.28965;12.43861;4.999045;36.21971;12.43861;5.001943;36.14977;12.43861;5.004687;36.07983;12.43861;5.007287;36.00988;12.43861;5.009751;35.93992;12.43861;5.012087;35.86995;12.43861;5.013920;35.79998;12.43861;5.015490;35.73000;12.43861;5.016920;35.66001;12.43861;5.018203;35.59003;12.43861;5.019337;35.52004;12.43861;5.020317;35.45005;12.43861;5.021140;35.38006;12.43861;5.021440;35.31007;12.43861;5.021485;35.24007;12.43861;5.021365;35.17008;12.43861;5.021081;35.10009;12.43861;5.020637;35.03010;12.43861;5.020035;34.96011;12.43861;5.019017;34.89013;12.43861;5.017607;34.82015;12.43861;5.016047;34.75018;12.43861;5.014333;34.68021;12.43861;5.012462;34.61025;12.43861;5.010432;34.54029;12.43861;5.008240;34.47034;12.43861;5.005782;34.40041;12.43861;5.002824;34.33048;12.43861;4.999728;34.26056;12.43861;4.996486;34.19065;12.43861;4.993089;34.12075;12.43861;4.989527;34.05086;12.43861;4.985720;33.98100;12.43861;4.981417;33.91114;12.43861;4.976951;33.84130;12.43861;4.972308;33.77148;12.43861;4.967470;33.70167;12.43861;4.962356;33.63190;12.43861;4.956752;33.56215;12.43861;4.950939;33.49242;12.43861;4.944890;33.42271;12.43861;4.938560;33.35306;12.43861;4.931672;33.28343;12.43861;4.924500;33.21384;12.43861;4.916994;33.14431;12.43861;4.908928;33.07484;12.43861;4.900399;33.00544;12.43861;4.891296;32.93614;12.43861;4.881453;32.86692;12.43861;4.871092;32.79789;12.43861;4.859520;32.72904;12.43861;4.846919;32.66050;12.43861;4.832777;32.59237;12.43861;4.816754;32.52494;12.43861;4.798005;32.45898;12.43861;4.774653;32.39615;12.43861;4.744021;32.34375;12.43861;4.698573;32.33868;12.43861;4.633723;32.39345;12.43861;4.591470;32.45834;12.43861;4.565372;32.52539;12.43861;4.545330;32.59336;12.43861;4.528635;32.66177;12.43861;4.513837;32.73045;12.43861;4.500368;32.79931;12.43861;4.487822;32.86832;12.43861;4.476116;32.93742;12.43861;4.465008;33.00661;12.43861;4.454398;33.07589;12.43861;4.444458;33.14521;12.43861;4.434772;33.21461;12.43861;4.425623;33.28406;12.43861;4.416977;33.35355;12.43861;4.408555;33.42307;12.43861;4.400429;33.49267;12.43861;4.393013;33.56229;12.43861;4.385823;33.63194;12.43861;4.378858;33.70161;12.43861;4.372141;33.77135;12.43861;4.366186;33.84111;12.43861;4.360474;33.91089;12.43861;4.355008;33.98069;12.43861;4.349790;34.05051;12.43861;4.344858;34.12037;12.43861;4.340633;34.19025;12.43861;4.336638;34.26015;12.43861;4.332870;34.33005;12.43861;4.329323;34.39998;12.43861;4.326317;34.46992;12.43861;4.323720;34.53988;12.43861;4.321351;34.60984;12.43861;4.319217;34.67981;12.43861;4.317328;34.74979;12.43861;4.315936;34.81977;12.43861;4.314924;34.88976;12.43861;4.314137;34.95975;12.43861;4.313577;35.02975;12.43861;4.313579;35.09974;12.43861;4.313884;35.16973;12.43861;4.314442;35.23972;12.43861;4.315259;35.30970;12.43861;4.316616;35.37967;12.43861;4.318323;35.44964;12.43861;4.320307;35.51959;12.43861;4.322577;35.58953;12.43861;4.325283;35.65945;12.43861;4.328544;35.72935;12.43861;4.332138;35.79923;12.43861;4.336027;35.86910;12.43861;4.340169;35.93896;12.43861;4.344526;36.00881;12.43861;4.349057;36.07860;12.43861;4.354258;36.14834;12.43861;4.360263;36.21807;12.43861;4.366365;36.28778;12.43861;4.372560;36.35749;12.43861;4.378882;36.42709;12.43861;4.386272;36.49668;12.43861;4.393814;36.56625;12.43861;4.401542;36.63579;12.43861;4.409494;36.70530;12.43861;4.417704;36.77476;12.43861;4.426318;36.84416;12.43861;4.435418;36.91353;12.43861;4.444717;36.98288;12.43861;4.454200;37.05221;12.43861;4.463853;37.12151;12.43861;4.473659;37.19079;12.43861;4.483604;37.26002;12.43861;4.493939;37.32922;12.43861;4.504463;37.39841;12.43861;4.514997;37.46762;12.43861;4.525506;37.53683;12.43861;4.535955;37.60604;12.43861;4.546371;37.67524;12.43861;4.556915;37.74446;12.43861;4.567293;37.81368;12.43861;4.577643;37.88295;12.43861;4.587706;37.95224;12.43861;4.597576;38.02156;12.43861;4.607246;38.09092;12.43861;4.616638;38.16033;12.43861;4.625717;38.22975;12.43861;4.634641;38.29929;12.43861;4.642626;38.36885;12.43861;4.650365;38.43845;12.43861;4.657804;38.50817;12.43861;4.663912;38.57794;12.43861;4.669584;38.64778;12.43861;4.674142;38.71769;12.43861;4.677465;38.78766;12.43861;4.679370;38.85765;12.43861;4.679673;38.92761;12.43861;4.677884;38.99749;12.43861;4.673920;39.06716;12.43861;4.667189;39.13640;12.43861;4.657043;39.20461;12.43861;4.641491
CrossSection;40.17572;14.31823;4.832925;40.11408;14.31823;4.854412;40.05098;14.31823;4.871201;39.98726;14.31823;4.885529;39.92316;14.31823;4.898034;39.85881;14.31823;4.909126;39.79429;14.31823;4.919267;39.72964;14.31823;4.928486;39.66491;14.31823;4.937133;39.60011;14.31823;4.945306;39.53529;14.31823;4.953277;39.47045;14.31823;4.961086;39.40560;14.31823;4.968770;39.34073;14.31823;4.976369;39.27586;14.31823;4.983921;39.21099;14.31823;4.991465;39.14612;14.31823;4.999040;39.08126;14.31823;5.006628;39.01638;14.31823;5.014135;38.95150;14.31823;5.021568;38.88660;14.31823;5.028916;38.82170;14.31823;5.036171;38.75678;14.31823;5.043323;38.69186;14.31823;5.050360;38.62692;14.31823;5.057274;38.56193;14.31823;5.063741;38.49691;14.31823;5.069874;38.43188;14.31823;5.075838;38.36683;14.31823;5.081640;38.30176;14.31823;5.087291;38.23669;14.31823;5.092797;38.17155;14.31823;5.097483;38.10640;14.31823;5.102000;38.04123;14.31823;5.106342;37.97606;14.31823;5.110443;37.91086;14.31823;5.114232;37.84564;14.31823;5.117607;37.78041;14.31823;5.120731;37.71516;14.31823;5.123643;37.64991;14.31823;5.126382;37.58466;14.31823;5.128985;37.51940;14.31823;5.131431;37.45411;14.31823;5.133163;37.38882;14.31823;5.134788;37.32353;14.31823;5.136280;37.25824;14.31823;5.137617;37.19294;14.31823;5.138772;37.12764;14.31823;5.139722;37.06233;14.31823;5.140262;36.99703;14.31823;5.140584;36.93172;14.31823;5.140742;36.86641;14.31823;5.140750;36.80110;14.31823;5.140623;36.73580;14.31823;5.140377;36.67049;14.31823;5.140027;36.60519;14.31823;5.139095;36.53989;14.31823;5.137862;36.47460;14.31823;5.136492;36.40931;14.31823;5.134984;36.34402;14.31823;5.133339;36.27874;14.31823;5.131555;36.21346;14.31823;5.129632;36.14818;14.31823;5.127569;36.08292;14.31823;5.125175;36.01768;14.31823;5.122339;35.95244;14.31823;5.119368;35.88720;14.31823;5.116259;35.82197;14.31823;5.113014;35.75675;14.31823;5.109630;35.69154;14.31823;5.106107;35.62634;14.31823;5.102292;35.56117;14.31823;5.098151;35.49600;14.31823;5.093860;35.43084;14.31823;5.089411;35.36570;14.31823;5.084792;35.30057;14.31823;5.079994;35.23545;14.31823;5.075007;35.17036;14.31823;5.069694;35.10529;14.31823;5.064113;35.04024;14.31823;5.058340;34.97520;14.31823;5.052373;34.91019;14.31823;5.046206;34.84519;14.31823;5.039836;34.78025;14.31823;5.032938;34.71533;14.31823;5.025778;34.65045;14.31823;5.018382;34.58560;14.31823;5.010599;34.52083;14.31823;5.002255;34.45610;14.31823;4.993592;34.39145;14.31823;4.984387;34.32690;14.31823;4.974462;34.26242;14.31823;4.964088;34.19813;14.31823;4.952608;34.13402;14.31823;4.940176;34.07019;14.31823;4.926336;34.00677;14.31823;4.910809;33.94401;14.31823;4.892755;33.88261;14.31823;4.870565;33.82410;14.31823;4.841753;33.77476;14.31823;4.799742;33.76819;14.31823;4.739009;33.81902;14.31823;4.699260;33.87985;14.31823;4.675627;33.94271;14.31823;4.657961;34.00643;14.31823;4.643646;34.07053;14.31823;4.631172;34.13487;14.31823;4.620000;34.19937;14.31823;4.609714;34.26399;14.31823;4.600276;34.32869;14.31823;4.591361;34.39346;14.31823;4.583039;34.45829;14.31823;4.575172;34.52317;14.31823;4.567700;34.58810;14.31823;4.560704;34.65307;14.31823;4.554060;34.71807;14.31823;4.547720;34.78312;14.31823;4.541836;34.84819;14.31823;4.536268;34.91328;14.31823;4.530978;34.97839;14.31823;4.525949;35.04354;14.31823;4.521396;35.10871;14.31823;4.517115;35.17389;14.31823;4.513079;35.23909;14.31823;4.509261;35.30430;14.31823;4.505769;35.36954;14.31823;4.502725;35.43479;14.31823;4.499885;35.50004;14.31823;4.497265;35.56531;14.31823;4.494961;35.63059;14.31823;4.493096;35.69588;14.31823;4.491452;35.76117;14.31823;4.489998;35.82646;14.31823;4.488702;35.89176;14.31823;4.487740;35.95707;14.31823;4.487372;36.02238;14.31823;4.487159;36.08769;14.31823;4.487145;36.15299;14.31823;4.487372;36.21830;14.31823;4.487886;36.28360;14.31823;4.488853;36.34889;14.31823;4.490051;36.41419;14.31823;4.491506;36.47947;14.31823;4.493253;36.54474;14.31823;4.495456;36.60999;14.31823;4.497998;36.67524;14.31823;4.500817;36.74048;14.31823;4.503868;36.80570;14.31823;4.507107;36.87092;14.31823;4.510490;36.93614;14.31823;4.513972;37.00127;14.31823;4.518789;37.06639;14.31823;4.523688;37.13151;14.31823;4.528623;37.19663;14.31823;4.533588;37.26170;14.31823;4.539098;37.32670;14.31823;4.545469;37.39169;14.31823;4.551873;37.45669;14.31823;4.558306;37.52167;14.31823;4.564777;37.58653;14.31823;4.572465;37.65137;14.31823;4.580211;37.71620;14.31823;4.588094;37.78101;14.31823;4.596194;37.84577;14.31823;4.604592;37.91049;14.31823;4.613369;37.97516;14.31823;4.622425;38.03981;14.31823;4.631675;38.10444;14.31823;4.641090;38.16904;14.31823;4.650638;38.23363;14.31823;4.660319;38.29815;14.31823;4.670429;38.36266;14.31823;4.680610;38.42716;14.31823;4.690847;38.49166;14.31823;4.701125;38.55615;14.31823;4.711428;38.62064;14.31823;4.721742;38.68513;14.31823;4.732051;38.74962;14.31823;4.742339;38.81412;14.31823;4.752592;38.87862;14.31823;4.762795;38.94318;14.31823;4.772673;39.00778;14.31823;4.782261;39.07240;14.31823;4.791717;39.13704;14.31823;4.801027;39.20177;14.31823;4.809717;39.26655;14.31823;4.817960;39.33137;14.31823;4.825947;39.39626;14.31823;4.833266;39.46125;14.31823;4.839727;39.52628;14.31823;4.845772;39.59140;14.31823;4.850644;39.65659;14.31823;4.854504;39.72184;14.31823;4.857143;39.78714;14.31823;4.858404;39.85244;14.31823;4.858118;39.91771;14.31823;4.855912;39.98288;14.31823;4.851716;40.04783;14.31823;4.844940;40.11236;14.31823;4.834966;40.17585;14.31823;4.819814
CrossSection;41.14697;16.19784;5.004156;41.08988;16.19784;5.024483;41.03135;16.19784;5.040307;40.97223;16.19784;5.053744;40.91272;16.19784;5.065342;40.85300;16.19784;5.075836;40.79308;16.19784;5.085072;40.73305;16.19784;5.093640;40.67293;16.19784;5.101507;40.61277;16.19784;5.109099;40.55258;16.19784;5.116421;40.49237;16.19784;5.123516;40.43215;16.19784;5.130605;40.37193;16.19784;5.137674;40.31170;16.19784;5.144711;40.25147;16.19784;5.151703;40.19123;16.19784;5.158638;40.13099;16.19784;5.165504;40.07073;16.19784;5.172287;40.01047;16.19784;5.178976;39.95019;16.19784;5.185557;39.88991;16.19784;5.192019;39.82960;16.19784;5.198348;39.76929;16.19784;5.204521;39.70894;16.19784;5.210432;39.64858;16.19784;5.216157;39.58820;16.19784;5.221739;39.52781;16.19784;5.227219;39.46737;16.19784;5.232041;39.40691;16.19784;5.236626;39.34644;16.19784;5.241038;39.28596;16.19784;5.245286;39.22546;16.19784;5.249381;39.16496;16.19784;5.253332;39.10442;16.19784;5.256666;39.04385;16.19784;5.259608;38.98329;16.19784;5.262423;38.92271;16.19784;5.265043;38.86212;16.19784;5.267399;38.80152;16.19784;5.269406;38.74091;16.19784;5.271112;38.68030;16.19784;5.272609;38.61968;16.19784;5.273927;38.55906;16.19784;5.275100;38.49843;16.19784;5.276158;38.43781;16.19784;5.277134;38.37718;16.19784;5.277447;38.31654;16.19784;5.277475;38.25591;16.19784;5.277386;38.19528;16.19784;5.277181;38.13464;16.19784;5.276864;38.07401;16.19784;5.276437;38.01338;16.19784;5.275902;37.95275;16.19784;5.275262;37.89212;16.19784;5.274520;37.83150;16.19784;5.273190;37.77089;16.19784;5.271546;37.71028;16.19784;5.269799;37.64968;16.19784;5.267946;37.58908;16.19784;5.265987;37.52848;16.19784;5.263920;37.46788;16.19784;5.261742;37.40729;16.19784;5.259454;37.34672;16.19784;5.256828;37.28616;16.19784;5.253708;37.22562;16.19784;5.250481;37.16507;16.19784;5.247145;37.10454;16.19784;5.243697;37.04401;16.19784;5.240135;36.98349;16.19784;5.236454;36.92299;16.19784;5.232453;36.86251;16.19784;5.228092;36.80204;16.19784;5.223620;36.74158;16.19784;5.219012;36.68113;16.19784;5.214245;36.62070;16.19784;5.209293;36.56029;16.19784;5.204134;36.49990;16.19784;5.198680;36.43953;16.19784;5.193004;36.37918;16.19784;5.187144;36.31885;16.19784;5.181101;36.25854;16.19784;5.174879;36.19824;16.19784;5.168479;36.13801;16.19784;5.161548;36.07780;16.19784;5.154370;36.01762;16.19784;5.146978;35.95748;16.19784;5.139219;35.89742;16.19784;5.130897;35.83740;16.19784;5.122284;35.77746;16.19784;5.113166;35.71763;16.19784;5.103350;35.65786;16.19784;5.093125;35.59828;16.19784;5.081888;35.53887;16.19784;5.069752;35.47975;16.19784;5.056314;35.42100;16.19784;5.041351;35.36290;16.19784;5.024032;35.30607;16.19784;5.002963;35.25192;16.19784;4.975849;35.20588;16.19784;4.936988;35.19760;16.19784;4.880242;35.24420;16.19784;4.842657;35.30062;16.19784;4.820634;35.35913;16.19784;4.804773;35.41842;16.19784;4.792121;35.47809;16.19784;4.781326;35.53797;16.19784;4.771825;35.59798;16.19784;4.763156;35.65811;16.19784;4.755382;35.71830;16.19784;4.748037;35.77856;16.19784;4.741304;35.83886;16.19784;4.734985;35.89920;16.19784;4.729003;35.95959;16.19784;4.723542;36.02000;16.19784;4.718371;36.08044;16.19784;4.713442;36.14091;16.19784;4.708995;36.20140;16.19784;4.704819;36.26190;16.19784;4.700864;36.32242;16.19784;4.697105;36.38296;16.19784;4.693823;36.44352;16.19784;4.690757;36.50409;16.19784;4.687883;36.56466;16.19784;4.685179;36.62524;16.19784;4.682738;36.68584;16.19784;4.680753;36.74645;16.19784;4.678960;36.80706;16.19784;4.677344;36.86768;16.19784;4.675888;36.92830;16.19784;4.674577;36.98893;16.19784;4.673700;37.04956;16.19784;4.673171;37.11019;16.19784;4.672792;37.17083;16.19784;4.672612;37.23146;16.19784;4.672682;37.29209;16.19784;4.673144;37.35272;16.19784;4.673871;37.41334;16.19784;4.674803;37.47397;16.19784;4.675906;37.53459;16.19784;4.677147;37.59521;16.19784;4.678490;37.65581;16.19784;4.680539;37.71639;16.19784;4.682912;37.77698;16.19784;4.685327;37.83756;16.19784;4.687773;37.89813;16.19784;4.690684;37.95866;16.19784;4.694247;38.01918;16.19784;4.697845;38.07971;16.19784;4.701469;38.14023;16.19784;4.705113;38.20068;16.19784;4.709836;38.26112;16.19784;4.714707;38.32156;16.19784;4.719600;38.38199;16.19784;4.724509;38.44239;16.19784;4.729831;38.50271;16.19784;4.735992;38.56303;16.19784;4.742169;38.62335;16.19784;4.748359;38.68366;16.19784;4.754557;38.74385;16.19784;4.761919;38.80401;16.19784;4.769435;38.86416;16.19784;4.777078;38.92430;16.19784;4.784853;38.98441;16.19784;4.792763;39.04451;16.19784;4.800812;39.10458;16.19784;4.809004;39.16460;16.19784;4.817604;39.22454;16.19784;4.826775;39.28446;16.19784;4.836049;39.34436;16.19784;4.845414;39.40426;16.19784;4.854856;39.46414;16.19784;4.864362;39.52402;16.19784;4.873920;39.58389;16.19784;4.883515;39.64376;16.19784;4.893135;39.70362;16.19784;4.902767;39.76348;16.19784;4.912398;39.82335;16.19784;4.922015;39.88322;16.19784;4.931604;39.94310;16.19784;4.941152;40.00302;16.19784;4.950423;40.06298;16.19784;4.959419;40.12297;16.19784;4.968283;40.18297;16.19784;4.977011;40.24305;16.19784;4.985136;40.30320;16.19784;4.992822;40.36337;16.19784;5.000260;40.42362;16.19784;5.007030;40.48397;16.19784;5.012953;40.54435;16.19784;5.018468;40.60482;16.19784;5.022832;40.66536;16.19784;5.026209;40.72595;16.19784;5.028420;40.78658;16.19784;5.029306;40.84721;16.19784;5.028720;40.90779;16.19784;5.026289;40.96827;16.19784;5.022014;41.02853;16.19784;5.015314;41.08837;16.19784;5.005626;41.14719;16.19784;4.991033
CrossSection;42.11810;18.07746;5.192861;42.06548;18.07746;5.211839;42.01150;18.07746;5.226569;41.95693;18.07746;5.238913;41.90202;18.07746;5.249723;41.84690;18.07746;5.259353;41.79158;18.07746;5.267794;41.73616;18.07746;5.275588;41.68066;18.07746;5.282716;41.62511;18.07746;5.289544;41.56954;18.07746;5.296107;41.51394;18.07746;5.302464;41.45833;18.07746;5.308761;41.40272;18.07746;5.314999;41.34710;18.07746;5.321179;41.29147;18.07746;5.327304;41.23584;18.07746;5.333373;41.18020;18.07746;5.339388;41.12456;18.07746;5.345351;41.06891;18.07746;5.351263;41.01325;18.07746;5.357060;40.95757;18.07746;5.362633;40.90187;18.07746;5.368070;40.84616;18.07746;5.373383;40.79044;18.07746;5.378586;40.73469;18.07746;5.383419;40.67891;18.07746;5.387928;40.62312;18.07746;5.392264;40.56732;18.07746;5.396440;40.51150;18.07746;5.400470;40.45567;18.07746;5.404366;40.39981;18.07746;5.407610;40.34393;18.07746;5.410685;40.28804;18.07746;5.413591;40.23215;18.07746;5.416261;40.17624;18.07746;5.418600;40.12031;18.07746;5.420604;40.06438;18.07746;5.422417;40.00844;18.07746;5.424064;39.95250;18.07746;5.425572;39.89656;18.07746;5.426968;39.84061;18.07746;5.428253;39.78465;18.07746;5.428802;39.72870;18.07746;5.429233;39.67274;18.07746;5.429550;39.61677;18.07746;5.429758;39.56081;18.07746;5.429862;39.50485;18.07746;5.429867;39.44889;18.07746;5.429778;39.39293;18.07746;5.429600;39.33697;18.07746;5.429201;39.28102;18.07746;5.428228;39.22507;18.07746;5.427164;39.16912;18.07746;5.426008;39.11317;18.07746;5.424761;39.05723;18.07746;5.423423;39.00128;18.07746;5.421995;38.94534;18.07746;5.420476;38.88941;18.07746;5.418869;38.83348;18.07746;5.416966;38.77757;18.07746;5.414557;38.72166;18.07746;5.412054;38.66576;18.07746;5.409455;38.60987;18.07746;5.406758;38.55398;18.07746;5.403961;38.49809;18.07746;5.401061;38.44221;18.07746;5.398057;38.38636;18.07746;5.394536;38.33053;18.07746;5.390773;38.27470;18.07746;5.386909;38.21888;18.07746;5.382941;38.16306;18.07746;5.378868;38.10726;18.07746;5.374687;38.05148;18.07746;5.370197;37.99573;18.07746;5.365343;37.93999;18.07746;5.360380;37.88426;18.07746;5.355304;37.82854;18.07746;5.350113;37.77284;18.07746;5.344718;37.71718;18.07746;5.338885;37.66154;18.07746;5.332913;37.60591;18.07746;5.326800;37.55030;18.07746;5.320543;37.49475;18.07746;5.313757;37.43923;18.07746;5.306742;37.38374;18.07746;5.299537;37.32829;18.07746;5.291979;37.27292;18.07746;5.283872;37.21759;18.07746;5.275504;37.16233;18.07746;5.266655;37.10719;18.07746;5.257137;37.05210;18.07746;5.247251;36.99720;18.07746;5.236406;36.94248;18.07746;5.224708;36.88804;18.07746;5.211780;36.83394;18.07746;5.197461;36.78048;18.07746;5.180948;36.72823;18.07746;5.160978;36.67851;18.07746;5.135461;36.63620;18.07746;5.099324;36.62788;18.07746;5.046754;36.67033;18.07746;5.011511;36.72229;18.07746;4.990936;36.77635;18.07746;4.976529;36.83114;18.07746;4.965138;36.88628;18.07746;4.955592;36.94162;18.07746;4.947321;36.99708;18.07746;4.939848;37.05265;18.07746;4.933261;37.10827;18.07746;4.927074;37.16395;18.07746;4.921484;37.21967;18.07746;4.916290;37.27542;18.07746;4.911383;37.33121;18.07746;4.907017;37.38702;18.07746;4.902897;37.44284;18.07746;4.898978;37.49870;18.07746;4.895536;37.55457;18.07746;4.892339;37.61045;18.07746;4.889325;37.66633;18.07746;4.886465;37.72225;18.07746;4.884087;37.77816;18.07746;4.881894;37.83409;18.07746;4.879863;37.89002;18.07746;4.877974;37.94595;18.07746;4.876306;38.00190;18.07746;4.875083;38.05785;18.07746;4.874028;38.11381;18.07746;4.873126;38.16976;18.07746;4.872363;38.22572;18.07746;4.871724;38.28168;18.07746;4.871466;38.33764;18.07746;4.871609;38.39360;18.07746;4.871911;38.44956;18.07746;4.872362;38.50552;18.07746;4.872952;38.56148;18.07746;4.873670;38.61743;18.07746;4.874506;38.67337;18.07746;4.875844;38.72931;18.07746;4.877508;38.78524;18.07746;4.879284;38.84117;18.07746;4.881230;38.89709;18.07746;4.883402;38.95300;18.07746;4.885867;39.00889;18.07746;4.888611;39.06478;18.07746;4.891484;39.12065;18.07746;4.894565;39.17651;18.07746;4.897931;39.23235;18.07746;4.901662;39.28816;18.07746;4.905645;39.34397;18.07746;4.909830;39.39976;18.07746;4.914194;39.45554;18.07746;4.918712;39.51130;18.07746;4.923359;39.56706;18.07746;4.928111;39.62279;18.07746;4.933218;39.67844;18.07746;4.939114;39.73409;18.07746;4.945032;39.78973;18.07746;4.950967;39.84538;18.07746;4.956912;39.90091;18.07746;4.963814;39.95642;18.07746;4.970890;40.01192;18.07746;4.978083;40.06740;18.07746;4.985396;40.12286;18.07746;4.992831;40.17831;18.07746;5.000392;40.23374;18.07746;5.008082;40.28912;18.07746;5.016113;40.34443;18.07746;5.024656;40.39971;18.07746;5.033309;40.45499;18.07746;5.042058;40.51025;18.07746;5.050886;40.56550;18.07746;5.059777;40.62074;18.07746;5.068717;40.67598;18.07746;5.077689;40.73121;18.07746;5.086678;40.78645;18.07746;5.095669;40.84168;18.07746;5.104646;40.89693;18.07746;5.113592;40.95217;18.07746;5.122495;41.00743;18.07746;5.131349;41.06271;18.07746;5.140076;41.11800;18.07746;5.148720;41.17334;18.07746;5.157031;41.22873;18.07746;5.164982;41.28415;18.07746;5.172790;41.33958;18.07746;5.180431;41.39513;18.07746;5.187228;41.45072;18.07746;5.193656;41.50636;18.07746;5.199594;41.56210;18.07746;5.204592;41.61791;18.07746;5.208782;41.67377;18.07746;5.212062;41.72968;18.07746;5.214249;41.78563;18.07746;5.215201;41.84159;18.07746;5.214768;41.89751;18.07746;5.212580;41.95333;18.07746;5.208659;42.00894;18.07746;5.202452;42.06416;18.07746;5.193429;42.11839;18.07746;5.179765
CrossSection;43.08933;19.95708;5.401905;43.04128;19.95708;5.419728;42.99190;19.95708;5.433543;42.94195;19.95708;5.445182;42.89165;19.95708;5.455182;42.84114;19.95708;5.464027;42.79044;19.95708;5.471742;42.73965;19.95708;5.478835;42.68876;19.95708;5.485243;42.63785;19.95708;5.491374;42.58690;19.95708;5.497230;42.53592;19.95708;5.502831;42.48494;19.95708;5.508378;42.43395;19.95708;5.513864;42.38295;19.95708;5.519286;42.33194;19.95708;5.524637;42.28093;19.95708;5.529913;42.22991;19.95708;5.535109;42.17888;19.95708;5.540220;42.12784;19.95708;5.545240;42.07679;19.95708;5.550165;42.02573;19.95708;5.554918;41.97465;19.95708;5.559521;41.92356;19.95708;5.563976;41.87245;19.95708;5.568244;41.82133;19.95708;5.572283;41.77018;19.95708;5.575995;41.71901;19.95708;5.579483;41.66783;19.95708;5.582807;41.61665;19.95708;5.585995;41.56546;19.95708;5.589077;41.51423;19.95708;5.591560;41.46300;19.95708;5.593899;41.41176;19.95708;5.596083;41.36051;19.95708;5.598039;41.30926;19.95708;5.599667;41.25799;19.95708;5.601043;41.20672;19.95708;5.602266;41.15545;19.95708;5.603353;41.10417;19.95708;5.604327;41.05289;19.95708;5.605206;41.00162;19.95708;5.605998;40.95033;19.95708;5.606167;40.89905;19.95708;5.606236;40.84776;19.95708;5.606208;40.79648;19.95708;5.606088;40.74520;19.95708;5.605880;40.69391;19.95708;5.605589;40.64263;19.95708;5.605220;40.59135;19.95708;5.604776;40.54006;19.95708;5.604173;40.48879;19.95708;5.603063;40.43752;19.95708;5.601872;40.38625;19.95708;5.600598;40.33499;19.95708;5.599244;40.28372;19.95708;5.597811;40.23246;19.95708;5.596298;40.18120;19.95708;5.594708;40.12994;19.95708;5.593041;40.07869;19.95708;5.591127;40.02746;19.95708;5.588762;39.97624;19.95708;5.586311;39.92502;19.95708;5.583774;39.87380;19.95708;5.581149;39.82259;19.95708;5.578434;39.77138;19.95708;5.575630;39.72018;19.95708;5.572733;39.66900;19.95708;5.569365;39.61784;19.95708;5.565772;39.56669;19.95708;5.562087;39.51555;19.95708;5.558307;39.46441;19.95708;5.554430;39.41328;19.95708;5.550453;39.36217;19.95708;5.546181;39.31110;19.95708;5.541558;39.26003;19.95708;5.536830;39.20897;19.95708;5.531995;39.15793;19.95708;5.527050;39.10690;19.95708;5.521905;39.05592;19.95708;5.516330;39.00495;19.95708;5.510623;38.95400;19.95708;5.504783;38.90307;19.95708;5.498810;38.85220;19.95708;5.492324;38.80135;19.95708;5.485628;38.75053;19.95708;5.478761;38.69975;19.95708;5.471564;38.64905;19.95708;5.463852;38.59838;19.95708;5.455912;38.54779;19.95708;5.447522;38.49730;19.95708;5.438509;38.44688;19.95708;5.429176;38.39662;19.95708;5.418950;38.34656;19.95708;5.407842;38.29668;19.95708;5.395898;38.24723;19.95708;5.382336;38.19833;19.95708;5.366906;38.15055;19.95708;5.348315;38.10512;19.95708;5.324678;38.06644;19.95708;5.291430;38.05883;19.95708;5.243236;38.09745;19.95708;5.210690;38.14503;19.95708;5.191757;38.19460;19.95708;5.178631;38.24483;19.95708;5.168356;38.29541;19.95708;5.159854;38.34617;19.95708;5.152584;38.39704;19.95708;5.146062;38.44801;19.95708;5.140393;38.49902;19.95708;5.135092;38.55008;19.95708;5.130364;38.60118;19.95708;5.126008;38.65230;19.95708;5.121894;38.70346;19.95708;5.118321;38.75464;19.95708;5.114955;38.80582;19.95708;5.111761;38.85703;19.95708;5.109017;38.90826;19.95708;5.106505;38.95949;19.95708;5.104151;39.01072;19.95708;5.101931;39.06198;19.95708;5.100169;39.11324;19.95708;5.098587;39.16450;19.95708;5.097150;39.21577;19.95708;5.095838;39.26704;19.95708;5.094717;39.31832;19.95708;5.094032;39.36961;19.95708;5.093496;39.42089;19.95708;5.093093;39.47217;19.95708;5.092811;39.52346;19.95708;5.092635;39.57474;19.95708;5.092797;39.62602;19.95708;5.093343;39.67730;19.95708;5.094022;39.72858;19.95708;5.094826;39.77986;19.95708;5.095746;39.83113;19.95708;5.096772;39.88240;19.95708;5.097895;39.93366;19.95708;5.099469;39.98491;19.95708;5.101343;40.03616;19.95708;5.103295;40.08740;19.95708;5.105402;40.13863;19.95708;5.107738;40.18985;19.95708;5.110377;40.24106;19.95708;5.113164;40.29226;19.95708;5.116057;40.34345;19.95708;5.119153;40.39462;19.95708;5.122552;40.44577;19.95708;5.126253;40.49691;19.95708;5.130141;40.54803;19.95708;5.134197;40.59914;19.95708;5.138400;40.65024;19.95708;5.142732;40.70134;19.95708;5.147172;40.75242;19.95708;5.151701;40.80348;19.95708;5.156503;40.85446;19.95708;5.162046;40.90544;19.95708;5.167596;40.95643;19.95708;5.173149;41.00741;19.95708;5.178704;41.05830;19.95708;5.185095;41.10916;19.95708;5.191656;41.16001;19.95708;5.198314;41.21085;19.95708;5.205072;41.26167;19.95708;5.211935;41.31248;19.95708;5.218907;41.36327;19.95708;5.225993;41.41402;19.95708;5.233390;41.46469;19.95708;5.241260;41.51536;19.95708;5.249215;41.56601;19.95708;5.257249;41.61665;19.95708;5.265357;41.66728;19.95708;5.273533;41.71790;19.95708;5.281772;41.76851;19.95708;5.290066;41.81911;19.95708;5.298412;41.86970;19.95708;5.306802;41.92029;19.95708;5.315231;41.97087;19.95708;5.323694;42.02148;19.95708;5.332003;42.07209;19.95708;5.340250;42.12272;19.95708;5.348455;42.17335;19.95708;5.356604;42.22403;19.95708;5.364435;42.27476;19.95708;5.371959;42.32551;19.95708;5.379368;42.37628;19.95708;5.386633;42.42715;19.95708;5.393160;42.47805;19.95708;5.399362;42.52901;19.95708;5.405134;42.58006;19.95708;5.410065;42.63117;19.95708;5.414260;42.68234;19.95708;5.417619;42.73357;19.95708;5.419962;42.78484;19.95708;5.421148;42.83612;19.95708;5.421023;42.88737;19.95708;5.419226;42.93854;19.95708;5.415760;42.98950;19.95708;5.410087;43.04008;19.95708;5.401685;43.08969;19.95708;5.388808
CrossSection;44.06050;21.83669;5.637442;44.01698;21.83669;5.654035;43.97220;21.83669;5.666916;43.92687;21.83669;5.677753;43.88121;21.83669;5.687062;43.83532;21.83669;5.695187;43.78930;21.83669;5.702467;43.74314;21.83669;5.708935;43.69693;21.83669;5.714903;43.65064;21.83669;5.720361;43.60434;21.83669;5.725622;43.55801;21.83669;5.730717;43.51166;21.83669;5.735574;43.46531;21.83669;5.740373;43.41895;21.83669;5.745114;43.37258;21.83669;5.749787;43.32620;21.83669;5.754382;43.27982;21.83669;5.758889;43.23342;21.83669;5.763295;43.18702;21.83669;5.767593;43.14060;21.83669;5.771770;43.09417;21.83669;5.775762;43.04772;21.83669;5.779604;43.00127;21.83669;5.783335;42.95481;21.83669;5.786976;42.90832;21.83669;5.790267;42.86182;21.83669;5.793243;42.81530;21.83669;5.796075;42.76877;21.83669;5.798774;42.72224;21.83669;5.801352;42.67571;21.83669;5.803822;42.62914;21.83669;5.805717;42.58257;21.83669;5.807487;42.53600;21.83669;5.809114;42.48941;21.83669;5.810507;42.44282;21.83669;5.811570;42.39623;21.83669;5.812442;42.34963;21.83669;5.813184;42.30303;21.83669;5.813812;42.25643;21.83669;5.814340;42.20983;21.83669;5.814783;42.16323;21.83669;5.815157;42.11663;21.83669;5.814991;42.07003;21.83669;5.814733;42.02342;21.83669;5.814389;41.97682;21.83669;5.813964;41.93022;21.83669;5.813461;41.88362;21.83669;5.812887;41.83702;21.83669;5.812245;41.79043;21.83669;5.811540;41.74383;21.83669;5.810729;41.69724;21.83669;5.809487;41.65066;21.83669;5.808167;41.60408;21.83669;5.806770;41.55750;21.83669;5.805300;41.51092;21.83669;5.803758;41.46435;21.83669;5.802145;41.41777;21.83669;5.800465;41.37120;21.83669;5.798719;41.32464;21.83669;5.796782;41.27809;21.83669;5.794459;41.23155;21.83669;5.792052;41.18502;21.83669;5.789562;41.13849;21.83669;5.786989;41.09196;21.83669;5.784336;41.04543;21.83669;5.781602;40.99892;21.83669;5.778788;40.95243;21.83669;5.775579;40.90595;21.83669;5.772162;40.85948;21.83669;5.768655;40.81301;21.83669;5.765059;40.76655;21.83669;5.761373;40.72010;21.83669;5.757597;40.67368;21.83669;5.753560;40.62728;21.83669;5.749197;40.58089;21.83669;5.744735;40.53451;21.83669;5.740174;40.48814;21.83669;5.735514;40.44179;21.83669;5.730673;40.39548;21.83669;5.725425;40.34919;21.83669;5.720061;40.30291;21.83669;5.714578;40.25665;21.83669;5.708978;40.21044;21.83669;5.702903;40.16426;21.83669;5.696640;40.11810;21.83669;5.690226;40.07198;21.83669;5.683516;40.02594;21.83669;5.676331;39.97992;21.83669;5.668941;39.93398;21.83669;5.661147;39.88813;21.83669;5.652774;39.84234;21.83669;5.644109;39.79671;21.83669;5.634643;39.75126;21.83669;5.624342;39.70599;21.83669;5.613315;39.66109;21.83669;5.600821;39.61670;21.83669;5.586657;39.57331;21.83669;5.569701;39.53200;21.83669;5.548260;39.49672;21.83669;5.518199;39.48981;21.83669;5.474480;39.52509;21.83669;5.445109;39.56840;21.83669;5.428080;39.61348;21.83669;5.416304;39.65916;21.83669;5.407115;39.70514;21.83669;5.399540;39.75129;21.83669;5.393111;39.79754;21.83669;5.387349;39.84388;21.83669;5.382381;39.89025;21.83669;5.377741;39.93667;21.83669;5.373639;39.98312;21.83669;5.369876;40.02959;21.83669;5.366315;40.07609;21.83669;5.363294;40.12261;21.83669;5.360440;40.16913;21.83669;5.357733;40.21568;21.83669;5.355475;40.26224;21.83669;5.353429;40.30880;21.83669;5.351518;40.35537;21.83669;5.349724;40.40196;21.83669;5.348402;40.44854;21.83669;5.347246;40.49514;21.83669;5.346214;40.54173;21.83669;5.345293;40.58833;21.83669;5.344549;40.63493;21.83669;5.344244;40.68153;21.83669;5.344067;40.72814;21.83669;5.344005;40.77474;21.83669;5.344048;40.82134;21.83669;5.344185;40.86794;21.83669;5.344612;40.91454;21.83669;5.345384;40.96113;21.83669;5.346273;41.00772;21.83669;5.347269;41.05432;21.83669;5.348365;41.10090;21.83669;5.349551;41.14749;21.83669;5.350819;41.19406;21.83669;5.352468;41.24062;21.83669;5.354473;41.28718;21.83669;5.356592;41.33372;21.83669;5.358817;41.38027;21.83669;5.361145;41.42681;21.83669;5.363568;41.47334;21.83669;5.366082;41.51987;21.83669;5.368681;41.56639;21.83669;5.371542;41.61286;21.83669;5.374982;41.65934;21.83669;5.378446;41.70581;21.83669;5.381925;41.75229;21.83669;5.385410;41.79871;21.83669;5.389452;41.84512;21.83669;5.393751;41.89152;21.83669;5.398071;41.93792;21.83669;5.402402;41.98431;21.83669;5.406874;42.03063;21.83669;5.411958;42.07696;21.83669;5.417061;42.12327;21.83669;5.422271;42.16956;21.83669;5.427674;42.21581;21.83669;5.433359;42.26203;21.83669;5.439347;42.30823;21.83669;5.445482;42.35441;21.83669;5.451743;42.40057;21.83669;5.458120;42.44672;21.83669;5.464604;42.49286;21.83669;5.471185;42.53895;21.83669;5.478014;42.58499;21.83669;5.485255;42.63101;21.83669;5.492592;42.67702;21.83669;5.500016;42.72302;21.83669;5.507520;42.76900;21.83669;5.515098;42.81497;21.83669;5.522742;42.86093;21.83669;5.530445;42.90689;21.83669;5.538200;42.95283;21.83669;5.546000;42.99877;21.83669;5.553838;43.04471;21.83669;5.561707;43.09066;21.83669;5.569476;43.13661;21.83669;5.577232;43.18258;21.83669;5.584915;43.22857;21.83669;5.592439;43.27460;21.83669;5.599719;43.32066;21.83669;5.606808;43.36675;21.83669;5.613719;43.41286;21.83669;5.620499;43.45906;21.83669;5.626565;43.50530;21.83669;5.632419;43.55156;21.83669;5.638007;43.59793;21.83669;5.642736;43.64435;21.83669;5.646795;43.69083;21.83669;5.650089;43.73738;21.83669;5.652446;43.78396;21.83669;5.653730;43.83056;21.83669;5.653789;43.87713;21.83669;5.652278;43.92363;21.83669;5.649197;43.96994;21.83669;5.644032;44.01589;21.83669;5.636290;44.06091;21.83669;5.624357
CrossSection;45.03139;23.71631;5.906151;44.99190;23.71631;5.920131;44.95143;23.71631;5.930980;44.91053;23.71631;5.940145;44.86938;23.71631;5.948094;44.82806;23.71631;5.955106;44.78663;23.71631;5.961448;44.74510;23.71631;5.967134;44.70353;23.71631;5.972408;44.66190;23.71631;5.977271;44.62025;23.71631;5.981953;44.57858;23.71631;5.986491;44.53689;23.71631;5.990785;44.49519;23.71631;5.994993;44.45348;23.71631;5.999124;44.41176;23.71631;6.003180;44.37004;23.71631;6.007160;44.32831;23.71631;6.011065;44.28657;23.71631;6.014897;44.24483;23.71631;6.018654;44.20307;23.71631;6.022258;44.16129;23.71631;6.025617;44.11951;23.71631;6.028866;44.07771;23.71631;6.032019;44.03591;23.71631;6.035090;43.99409;23.71631;6.037830;43.95225;23.71631;6.040291;43.91040;23.71631;6.042627;43.86855;23.71631;6.044849;43.82669;23.71631;6.046968;43.78483;23.71631;6.048995;43.74294;23.71631;6.050432;43.70105;23.71631;6.051688;43.65915;23.71631;6.052829;43.61725;23.71631;6.053864;43.57535;23.71631;6.054799;43.53345;23.71631;6.055641;43.49154;23.71631;6.056396;43.44963;23.71631;6.056551;43.40772;23.71631;6.056595;43.36581;23.71631;6.056553;43.32389;23.71631;6.056427;43.28198;23.71631;6.056224;43.24007;23.71631;6.055947;43.19816;23.71631;6.055601;43.15625;23.71631;6.055190;43.11434;23.71631;6.054450;43.07244;23.71631;6.053486;43.03054;23.71631;6.052447;42.98865;23.71631;6.051335;42.94675;23.71631;6.050155;42.90486;23.71631;6.048908;42.86296;23.71631;6.047599;42.82107;23.71631;6.046231;42.77918;23.71631;6.044806;42.73731;23.71631;6.043128;42.69544;23.71631;6.041218;42.65357;23.71631;6.039230;42.61171;23.71631;6.037167;42.56985;23.71631;6.035033;42.52800;23.71631;6.032830;42.48615;23.71631;6.030563;42.44430;23.71631;6.028233;42.40246;23.71631;6.025730;42.36064;23.71631;6.022921;42.31883;23.71631;6.020028;42.27702;23.71631;6.017054;42.23522;23.71631;6.014003;42.19343;23.71631;6.010878;42.15164;23.71631;6.007683;42.10986;23.71631;6.004278;42.06811;23.71631;6.000597;42.02637;23.71631;5.996825;41.98464;23.71631;5.992964;41.94291;23.71631;5.989018;41.90119;23.71631;5.984992;41.85950;23.71631;5.980660;41.81784;23.71631;5.976122;41.77618;23.71631;5.971479;41.73454;23.71631;5.966735;41.69291;23.71631;5.961894;41.65132;23.71631;5.956643;41.60976;23.71631;5.951239;41.56822;23.71631;5.945706;41.52669;23.71631;5.940044;41.48523;23.71631;5.933907;41.44379;23.71631;5.927593;41.40238;23.71631;5.921114;41.36105;23.71631;5.914154;41.31978;23.71631;5.906873;41.27855;23.71631;5.899324;41.23746;23.71631;5.891072;41.19644;23.71631;5.882501;41.15558;23.71631;5.873162;41.11492;23.71631;5.862989;41.07457;23.71631;5.851637;41.03467;23.71631;5.838841;40.99563;23.71631;5.823635;40.95839;23.71631;5.804519;40.92644;23.71631;5.777744;40.92075;23.71631;5.738464;40.95287;23.71631;5.712374;40.99187;23.71631;5.697205;41.03245;23.71631;5.686732;41.07355;23.71631;5.678565;41.11492;23.71631;5.671835;41.15644;23.71631;5.666154;41.19804;23.71631;5.661056;41.23972;23.71631;5.656679;41.28144;23.71631;5.652608;41.32320;23.71631;5.649027;41.36498;23.71631;5.645770;41.40678;23.71631;5.642695;41.44862;23.71631;5.640128;41.49046;23.71631;5.637725;41.53231;23.71631;5.635461;41.57418;23.71631;5.633596;41.61606;23.71631;5.631945;41.65795;23.71631;5.630424;41.69983;23.71631;5.629012;41.74173;23.71631;5.628017;41.78364;23.71631;5.627191;41.82555;23.71631;5.626484;41.86745;23.71631;5.625881;41.90936;23.71631;5.625430;41.95128;23.71631;5.625398;41.99319;23.71631;5.625488;42.03510;23.71631;5.625688;42.07701;23.71631;5.625986;42.11892;23.71631;5.626372;42.16083;23.71631;5.627018;42.20273;23.71631;5.628002;42.24463;23.71631;5.629098;42.28652;23.71631;5.630298;42.32842;23.71631;5.631593;42.37031;23.71631;5.632973;42.41219;23.71631;5.634431;42.45407;23.71631;5.636192;42.49593;23.71631;5.638195;42.53779;23.71631;5.640269;42.57965;23.71631;5.642480;42.62149;23.71631;5.644893;42.66332;23.71631;5.647592;42.70513;23.71631;5.650463;42.74693;23.71631;5.653448;42.78873;23.71631;5.656540;42.83052;23.71631;5.659729;42.87231;23.71631;5.663008;42.91408;23.71631;5.666368;42.95585;23.71631;5.669802;42.99758;23.71631;5.673703;43.03929;23.71631;5.677888;43.08099;23.71631;5.682115;43.12268;23.71631;5.686362;43.16437;23.71631;5.690688;43.20600;23.71631;5.695555;43.24763;23.71631;5.700457;43.28924;23.71631;5.705467;43.33083;23.71631;5.710657;43.37239;23.71631;5.716100;43.41390;23.71631;5.721839;43.45541;23.71631;5.727685;43.49689;23.71631;5.733630;43.53837;23.71631;5.739670;43.57983;23.71631;5.745801;43.62128;23.71631;5.752019;43.66270;23.71631;5.758434;43.70406;23.71631;5.765183;43.74541;23.71631;5.772017;43.78675;23.71631;5.778924;43.82808;23.71631;5.785893;43.86940;23.71631;5.792911;43.91072;23.71631;5.799968;43.95203;23.71631;5.807052;43.99333;23.71631;5.814151;44.03464;23.71631;5.821253;44.07595;23.71631;5.828348;44.11726;23.71631;5.835423;44.15858;23.71631;5.842466;44.19990;23.71631;5.849467;44.24126;23.71631;5.856276;44.28264;23.71631;5.862884;44.32405;23.71631;5.869384;44.36547;23.71631;5.875773;44.40695;23.71631;5.881794;44.44847;23.71631;5.887500;44.49002;23.71631;5.893015;44.53162;23.71631;5.898152;44.57327;23.71631;5.902811;44.61498;23.71631;5.906917;44.65675;23.71631;5.910354;44.69856;23.71631;5.913212;44.74042;23.71631;5.915291;44.78232;23.71631;5.916446;44.82423;23.71631;5.916594;44.86612;23.71631;5.915463;44.90796;23.71631;5.913059;44.94967;23.71631;5.908960;44.99111;23.71631;5.902758;45.03186;23.71631;5.893069
CrossSection;46.00251;25.59593;6.204775;45.96711;25.59593;6.216209;45.93096;25.59593;6.225009;45.89449;25.59593;6.232451;45.85786;25.59593;6.239038;45.82112;25.59593;6.244963;45.78428;25.59593;6.250241;45.74739;25.59593;6.255136;45.71044;25.59593;6.259624;45.67347;25.59593;6.263916;45.63648;25.59593;6.268018;45.59946;25.59593;6.271872;45.56244;25.59593;6.275632;45.52540;25.59593;6.279304;45.48835;25.59593;6.282894;45.45130;25.59593;6.286407;45.41424;25.59593;6.289851;45.37718;25.59593;6.293230;45.34011;25.59593;6.296477;45.30301;25.59593;6.299534;45.26591;25.59593;6.302487;45.22881;25.59593;6.305341;45.19169;25.59593;6.308100;45.15457;25.59593;6.310769;45.11744;25.59593;6.313351;45.08029;25.59593;6.315615;45.04313;25.59593;6.317640;45.00596;25.59593;6.319566;44.96879;25.59593;6.321399;44.93161;25.59593;6.323148;44.89444;25.59593;6.324818;44.85724;25.59593;6.325957;44.82003;25.59593;6.326944;44.78283;25.59593;6.327837;44.74562;25.59593;6.328641;44.70841;25.59593;6.329359;44.67119;25.59593;6.329996;44.63398;25.59593;6.330555;44.59677;25.59593;6.330533;44.55955;25.59593;6.330407;44.52233;25.59593;6.330203;44.48512;25.59593;6.329922;44.44790;25.59593;6.329569;44.41068;25.59593;6.329146;44.37347;25.59593;6.328657;44.33626;25.59593;6.328103;44.29905;25.59593;6.327225;44.26185;25.59593;6.326102;44.22465;25.59593;6.324907;44.18746;25.59593;6.323642;44.15026;25.59593;6.322311;44.11307;25.59593;6.320916;44.07588;25.59593;6.319461;44.03870;25.59593;6.317948;44.00151;25.59593;6.316380;43.96434;25.59593;6.314600;43.92717;25.59593;6.312595;43.89002;25.59593;6.310510;43.85286;25.59593;6.308350;43.81571;25.59593;6.306121;43.77856;25.59593;6.303829;43.74142;25.59593;6.301479;43.70428;25.59593;6.299076;43.66715;25.59593;6.296546;43.63003;25.59593;6.293763;43.59293;25.59593;6.290886;43.55583;25.59593;6.287926;43.51873;25.59593;6.284890;43.48165;25.59593;6.281787;43.44456;25.59593;6.278625;43.40749;25.59593;6.275314;43.37045;25.59593;6.271767;43.33341;25.59593;6.268118;43.29638;25.59593;6.264379;43.25936;25.59593;6.260560;43.22234;25.59593;6.256674;43.18535;25.59593;6.252557;43.14839;25.59593;6.248244;43.11143;25.59593;6.243820;43.07449;25.59593;6.239298;43.03756;25.59593;6.234696;43.00067;25.59593;6.229761;42.96380;25.59593;6.224664;42.92695;25.59593;6.219440;42.89012;25.59593;6.214112;42.85335;25.59593;6.208378;42.81660;25.59593;6.202465;42.77988;25.59593;6.196403;42.74323;25.59593;6.189954;42.70663;25.59593;6.183202;42.67007;25.59593;6.176232;42.63363;25.59593;6.168667;42.59725;25.59593;6.160816;42.56101;25.59593;6.152340;42.52493;25.59593;6.143190;42.48913;25.59593;6.133048;42.45369;25.59593;6.121695;42.41895;25.59593;6.108380;42.38569;25.59593;6.091766;42.35668;25.59593;6.068737;42.35221;25.59593;6.034189;42.38088;25.59593;6.011195;42.41562;25.59593;5.997990;42.45172;25.59593;5.988971;42.48827;25.59593;5.981963;42.52504;25.59593;5.976221;42.56194;25.59593;5.971419;42.59891;25.59593;5.967114;42.63594;25.59593;5.963415;42.67300;25.59593;5.960029;42.71010;25.59593;5.957037;42.74722;25.59593;5.954355;42.78435;25.59593;5.951837;42.82151;25.59593;5.949749;42.85868;25.59593;5.947827;42.89586;25.59593;5.946030;42.93304;25.59593;5.944575;42.97024;25.59593;5.943322;43.00744;25.59593;5.942190;43.04464;25.59593;5.941153;43.08186;25.59593;5.940481;43.11907;25.59593;5.939969;43.15628;25.59593;5.939566;43.19350;25.59593;5.939254;43.23072;25.59593;5.939070;43.26793;25.59593;5.939266;43.30515;25.59593;5.939576;43.34237;25.59593;5.939985;43.37958;25.59593;5.940482;43.41679;25.59593;5.941055;43.45400;25.59593;5.941855;43.49120;25.59593;5.942972;43.52840;25.59593;5.944193;43.56559;25.59593;5.945508;43.60279;25.59593;5.946908;43.63997;25.59593;5.948386;43.67716;25.59593;5.949931;43.71433;25.59593;5.951745;43.75149;25.59593;5.953779;43.78865;25.59593;5.955874;43.82580;25.59593;5.958109;43.86294;25.59593;5.960563;43.90006;25.59593;5.963265;43.93718;25.59593;5.965952;43.97430;25.59593;5.968710;44.01140;25.59593;5.971665;44.04847;25.59593;5.974944;44.08554;25.59593;5.978290;44.12260;25.59593;5.981649;44.15965;25.59593;5.985145;44.19668;25.59593;5.988902;44.23368;25.59593;5.992944;44.27068;25.59593;5.996959;44.30767;25.59593;6.001045;44.34464;25.59593;6.005332;44.38157;25.59593;6.009946;44.41848;25.59593;6.014745;44.45537;25.59593;6.019631;44.49226;25.59593;6.024602;44.52913;25.59593;6.029655;44.56599;25.59593;6.034787;44.60284;25.59593;6.039996;44.63968;25.59593;6.045280;44.67646;25.59593;6.051007;44.71321;25.59593;6.056849;44.74996;25.59593;6.062755;44.78669;25.59593;6.068723;44.82342;25.59593;6.074751;44.86014;25.59593;6.080837;44.89684;25.59593;6.086978;44.93354;25.59593;6.093172;44.97023;25.59593;6.099415;45.00691;25.59593;6.105707;45.04358;25.59593;6.112080;45.08025;25.59593;6.118429;45.11693;25.59593;6.124746;45.15362;25.59593;6.131020;45.19031;25.59593;6.137243;45.22702;25.59593;6.143406;45.26373;25.59593;6.149499;45.30046;25.59593;6.155514;45.33720;25.59593;6.161442;45.37398;25.59593;6.167118;45.41081;25.59593;6.172523;45.44765;25.59593;6.177802;45.48451;25.59593;6.182955;45.52144;25.59593;6.187552;45.55840;25.59593;6.191942;45.59538;25.59593;6.196134;45.63243;25.59593;6.199571;45.66952;25.59593;6.202750;45.70664;25.59593;6.205327;45.74381;25.59593;6.207255;45.78100;25.59593;6.208474;45.81822;25.59593;6.208900;45.85543;25.59593;6.208332;45.89261;25.59593;6.206752;45.92971;25.59593;6.203844;45.96664;25.59593;6.199242;46.00306;25.59593;6.191686
CrossSection;46.97368;27.47554;6.538842;46.94204;27.47554;6.546263;46.91005;27.47554;6.552066;46.87793;27.47554;6.557086;46.84573;27.47554;6.561539;46.81348;27.47554;6.565642;46.78118;27.47554;6.569347;46.74886;27.47554;6.572869;46.71651;27.47554;6.576119;46.68415;27.47554;6.579191;46.65178;27.47554;6.582259;46.61940;27.47554;6.585109;46.58701;27.47554;6.587952;46.55462;27.47554;6.590764;46.52222;27.47554;6.593435;46.48982;27.47554;6.596094;46.45742;27.47554;6.598747;46.42500;27.47554;6.601237;46.39258;27.47554;6.603683;46.36016;27.47554;6.606070;46.32773;27.47554;6.608385;46.29530;27.47554;6.610610;46.26286;27.47554;6.612731;46.23040;27.47554;6.614646;46.19794;27.47554;6.616480;46.16548;27.47554;6.618248;46.13302;27.47554;6.619955;46.10055;27.47554;6.621608;46.06807;27.47554;6.622929;46.03558;27.47554;6.624132;46.00309;27.47554;6.625246;45.97059;27.47554;6.626282;45.93810;27.47554;6.627251;45.90560;27.47554;6.628164;45.87309;27.47554;6.628760;45.84059;27.47554;6.629120;45.80808;27.47554;6.629408;45.77557;27.47554;6.629627;45.74306;27.47554;6.629780;45.71055;27.47554;6.629869;45.67804;27.47554;6.629895;45.64553;27.47554;6.629863;45.61302;27.47554;6.629279;45.58052;27.47554;6.628620;45.54802;27.47554;6.627898;45.51552;27.47554;6.627115;45.48302;27.47554;6.626269;45.45052;27.47554;6.625361;45.41803;27.47554;6.624392;45.38553;27.47554;6.623360;45.35304;27.47554;6.622267;45.32057;27.47554;6.620672;45.28810;27.47554;6.619000;45.25564;27.47554;6.617260;45.22318;27.47554;6.615454;45.19072;27.47554;6.613583;45.15827;27.47554;6.611651;45.12582;27.47554;6.609658;45.09337;27.47554;6.607608;45.06094;27.47554;6.605436;45.02852;27.47554;6.602965;44.99611;27.47554;6.600400;44.96371;27.47554;6.597749;44.93131;27.47554;6.595023;44.89892;27.47554;6.592231;44.86654;27.47554;6.589380;44.83416;27.47554;6.586482;44.80179;27.47554;6.583406;44.76945;27.47554;6.580156;44.73711;27.47554;6.576796;44.70478;27.47554;6.573344;44.67246;27.47554;6.569821;44.64015;27.47554;6.566245;44.60785;27.47554;6.562580;44.57557;27.47554;6.558711;44.54330;27.47554;6.554705;44.51105;27.47554;6.550595;44.47881;27.47554;6.546411;44.44658;27.47554;6.542167;44.41438;27.47554;6.537704;44.38220;27.47554;6.533077;44.35004;27.47554;6.528333;44.31788;27.47554;6.523517;44.28576;27.47554;6.518501;44.25368;27.47554;6.513267;44.22161;27.47554;6.507893;44.18957;27.47554;6.502396;44.15758;27.47554;6.496588;44.12563;27.47554;6.490588;44.09371;27.47554;6.484404;44.06187;27.47554;6.477840;44.03008;27.47554;6.471066;43.99836;27.47554;6.463910;43.96678;27.47554;6.456202;43.93528;27.47554;6.448143;43.90401;27.47554;6.439283;43.87301;27.47554;6.429488;43.84250;27.47554;6.418267;43.81305;27.47554;6.404572;43.78703;27.47554;6.385355;43.78414;27.47554;6.355774;43.81012;27.47554;6.336878;43.84072;27.47554;6.326015;43.87236;27.47554;6.318562;43.90437;27.47554;6.312883;43.93655;27.47554;6.308288;43.96884;27.47554;6.304532;44.00118;27.47554;6.301168;44.03356;27.47554;6.298305;44.06597;27.47554;6.295725;44.09840;27.47554;6.293431;44.13085;27.47554;6.291405;44.16330;27.47554;6.289512;44.19578;27.47554;6.287928;44.22826;27.47554;6.286499;44.26074;27.47554;6.285171;44.29323;27.47554;6.284107;44.32573;27.47554;6.283215;44.35823;27.47554;6.282427;44.39073;27.47554;6.281714;44.42324;27.47554;6.281314;44.45575;27.47554;6.281051;44.48826;27.47554;6.280885;44.52077;27.47554;6.280797;44.55328;27.47554;6.280822;44.58579;27.47554;6.281187;44.61830;27.47554;6.281654;44.65080;27.47554;6.282213;44.68331;27.47554;6.282851;44.71581;27.47554;6.283556;44.74831;27.47554;6.284469;44.78079;27.47554;6.285676;44.81328;27.47554;6.286984;44.84576;27.47554;6.288384;44.87823;27.47554;6.289865;44.91071;27.47554;6.291417;44.94318;27.47554;6.293032;44.97563;27.47554;6.294882;45.00808;27.47554;6.296936;45.04052;27.47554;6.299056;45.07295;27.47554;6.301321;45.10537;27.47554;6.303815;45.13777;27.47554;6.306515;45.17017;27.47554;6.309171;45.20257;27.47554;6.311906;45.23494;27.47554;6.314841;45.26729;27.47554;6.318092;45.29964;27.47554;6.321345;45.33199;27.47554;6.324616;45.36432;27.47554;6.328018;45.39662;27.47554;6.331667;45.42889;27.47554;6.335600;45.46116;27.47554;6.339599;45.49341;27.47554;6.343666;45.52566;27.47554;6.347798;45.55790;27.47554;6.351996;45.59012;27.47554;6.356260;45.62234;27.47554;6.360590;45.65456;27.47554;6.364985;45.68672;27.47554;6.369706;45.71887;27.47554;6.374570;45.75100;27.47554;6.379504;45.78312;27.47554;6.384501;45.81524;27.47554;6.389555;45.84735;27.47554;6.394660;45.87945;27.47554;6.399810;45.91153;27.47554;6.405049;45.94359;27.47554;6.410459;45.97564;27.47554;6.415910;46.00768;27.47554;6.421394;46.03973;27.47554;6.426903;46.07176;27.47554;6.432431;46.10380;27.47554;6.437969;46.13583;27.47554;6.443511;46.16787;27.47554;6.449048;46.19991;27.47554;6.454573;46.23195;27.47554;6.460080;46.26399;27.47554;6.465559;46.29604;27.47554;6.471005;46.32810;27.47554;6.476410;46.36019;27.47554;6.481638;46.39230;27.47554;6.486716;46.42442;27.47554;6.491741;46.45655;27.47554;6.496693;46.48872;27.47554;6.501403;46.52091;27.47554;6.505947;46.55314;27.47554;6.510211;46.58540;27.47554;6.514206;46.61769;27.47554;6.518015;46.65003;27.47554;6.521347;46.68239;27.47554;6.524480;46.71479;27.47554;6.527171;46.74722;27.47554;6.529427;46.77968;27.47554;6.531197;46.81216;27.47554;6.532441;46.84467;27.47554;6.532975;46.87718;27.47554;6.532878;46.90967;27.47554;6.531860;46.94211;27.47554;6.529739;46.97436;27.47554;6.525727
CrossSection;47.95825;29.38153;6.886584;47.93052;29.38153;6.887024;47.90279;29.38153;6.887266;47.87506;29.38153;6.887523;47.84733;29.38153;6.887792;47.81960;29.38153;6.888074;47.79186;29.38153;6.888367;47.76413;29.38153;6.888670;47.73640;29.38153;6.888982;47.70867;29.38153;6.889303;47.68094;29.38153;6.889632;47.65321;29.38153;6.889967;47.62548;29.38153;6.890308;47.59775;29.38153;6.890655;47.57002;29.38153;6.891005;47.54229;29.38153;6.891358;47.51455;29.38153;6.891714;47.48682;29.38153;6.892071;47.45909;29.38153;6.892429;47.43136;29.38153;6.892786;47.40363;29.38153;6.893143;47.37590;29.38153;6.893497;47.34817;29.38153;6.893848;47.32044;29.38153;6.894194;47.29271;29.38153;6.894497;47.26498;29.38153;6.894770;47.23724;29.38153;6.895014;47.20951;29.38153;6.895226;47.18178;29.38153;6.895406;47.15404;29.38153;6.895551;47.12631;29.38153;6.895662;47.09858;29.38153;6.895737;47.07085;29.38153;6.895774;47.04311;29.38153;6.895773;47.01538;29.38153;6.895732;46.98765;29.38153;6.895650;46.95991;29.38153;6.895526;46.93218;29.38153;6.895311;46.90445;29.38153;6.895042;46.87672;29.38153;6.894718;46.84899;29.38153;6.894338;46.82126;29.38153;6.893899;46.79353;29.38153;6.893399;46.76580;29.38153;6.892836;46.73808;29.38153;6.892207;46.71035;29.38153;6.891447;46.68263;29.38153;6.890606;46.65492;29.38153;6.889694;46.62720;29.38153;6.888711;46.59949;29.38153;6.887655;46.57178;29.38153;6.886527;46.54407;29.38153;6.885262;46.51637;29.38153;6.883907;46.48868;29.38153;6.882481;46.46098;29.38153;6.880982;46.43329;29.38153;6.879412;46.40561;29.38153;6.877772;46.37793;29.38153;6.876006;46.35026;29.38153;6.874151;46.32260;29.38153;6.872228;46.29493;29.38153;6.870238;46.26728;29.38153;6.868181;46.23963;29.38153;6.866058;46.21198;29.38153;6.863870;46.18434;29.38153;6.861573;46.15671;29.38153;6.859193;46.12909;29.38153;6.856752;46.10146;29.38153;6.854250;46.07385;29.38153;6.851688;46.04624;29.38153;6.849066;46.01864;29.38153;6.846385;45.99104;29.38153;6.843608;45.96346;29.38153;6.840746;45.93588;29.38153;6.837824;45.90831;29.38153;6.834841;45.88074;29.38153;6.831796;45.85318;29.38153;6.828689;45.82563;29.38153;6.825518;45.79809;29.38153;6.822244;45.77057;29.38153;6.818869;45.74305;29.38153;6.815421;45.71554;29.38153;6.811898;45.68804;29.38153;6.808297;45.66055;29.38153;6.804615;45.63309;29.38153;6.800801;45.60564;29.38153;6.796847;45.57820;29.38153;6.792798;45.55078;29.38153;6.788651;45.52338;29.38153;6.784334;45.49602;29.38153;6.779827;45.46868;29.38153;6.775196;45.44137;29.38153;6.770341;45.41411;29.38153;6.765233;45.38691;29.38153;6.759833;45.35980;29.38153;6.753984;45.33277;29.38153;6.747796;45.30594;29.38153;6.740833;45.27942;29.38153;6.732741;45.25425;29.38153;6.721961;45.23340;29.38153;6.704537;45.24631;29.38153;6.684491;45.26889;29.38153;6.669304;45.29510;29.38153;6.660871;45.32197;29.38153;6.654031;45.34918;29.38153;6.648728;45.37651;29.38153;6.644023;45.40394;29.38153;6.639964;45.43142;29.38153;6.636212;45.45894;29.38153;6.632821;45.48650;29.38153;6.629658;45.51406;29.38153;6.626639;45.54166;29.38153;6.623867;45.56927;29.38153;6.621267;45.59689;29.38153;6.618780;45.62453;29.38153;6.616501;45.65218;29.38153;6.614396;45.67984;29.38153;6.612412;45.70751;29.38153;6.610548;45.73520;29.38153;6.608889;45.76289;29.38153;6.607413;45.79059;29.38153;6.606057;45.81830;29.38153;6.604822;45.84601;29.38153;6.603788;45.87373;29.38153;6.602935;45.90145;29.38153;6.602194;45.92918;29.38153;6.601642;45.95691;29.38153;6.601277;45.98464;29.38153;6.601026;46.01238;29.38153;6.600968;46.04011;29.38153;6.601106;46.06784;29.38153;6.601359;46.09557;29.38153;6.601803;46.12330;29.38153;6.602453;46.15102;29.38153;6.603223;46.17873;29.38153;6.604183;46.20644;29.38153;6.605349;46.23415;29.38153;6.606634;46.26184;29.38153;6.608108;46.28952;29.38153;6.609793;46.31720;29.38153;6.611593;46.34486;29.38153;6.613571;46.37250;29.38153;6.615762;46.40014;29.38153;6.618064;46.42776;29.38153;6.620533;46.45537;29.38153;6.623207;46.48296;29.38153;6.625991;46.51054;29.38153;6.628936;46.53809;29.38153;6.632083;46.56563;29.38153;6.635343;46.59316;29.38153;6.638714;46.62067;29.38153;6.642239;46.64815;29.38153;6.645958;46.67562;29.38153;6.649779;46.70307;29.38153;6.653701;46.73051;29.38153;6.657755;46.75791;29.38153;6.661990;46.78531;29.38153;6.666321;46.81269;29.38153;6.670746;46.84005;29.38153;6.675262;46.86739;29.38153;6.679892;46.89471;29.38153;6.684676;46.92201;29.38153;6.689539;46.94930;29.38153;6.694478;46.97658;29.38153;6.699490;47.00384;29.38153;6.704589;47.03108;29.38153;6.709812;47.05830;29.38153;6.715099;47.08551;29.38153;6.720444;47.11272;29.38153;6.725843;47.13991;29.38153;6.731293;47.16709;29.38153;6.736789;47.19427;29.38153;6.742326;47.22143;29.38153;6.747906;47.24859;29.38153;6.753535;47.27574;29.38153;6.759179;47.30289;29.38153;6.764829;47.33005;29.38153;6.770475;47.35720;29.38153;6.776107;47.38436;29.38153;6.781717;47.41153;29.38153;6.787295;47.43870;29.38153;6.792831;47.46589;29.38153;6.798316;47.49309;29.38153;6.803741;47.52030;29.38153;6.809096;47.54752;29.38153;6.814365;47.57479;29.38153;6.819446;47.60207;29.38153;6.824426;47.62937;29.38153;6.829299;47.65669;29.38153;6.834057;47.68406;29.38153;6.838557;47.71144;29.38153;6.842941;47.73885;29.38153;6.847205;47.76629;29.38153;6.851178;47.79376;29.38153;6.855021;47.82124;29.38153;6.858733;47.84877;29.38153;6.862110;47.87631;29.38153;6.865324;47.90388;29.38153;6.868370;47.93149;29.38153;6.870976;47.95912;29.38153;6.873398
